genome,location,length
public_SRR12240174_metabat2_bin.2.fa,/hps/nobackup/rdf/metagenomics/research-team/saary/pipeline/lichen/results/MAGs/raw/public_SRR12240174_metabat2_bin.2.fa,28371132
public_SRR12240180_concoct_bin.4.fa,/hps/nobackup/rdf/metagenomics/research-team/saary/pipeline/lichen/results/MAGs/raw/public_SRR12240180_concoct_bin.4.fa,31492074
public_SRR12240182_metabat2_bin.7.fa,/hps/nobackup/rdf/metagenomics/research-team/saary/pipeline/lichen/results/MAGs/raw/public_SRR12240182_metabat2_bin.7.fa,31599184
public_SRR12240185_concoct_bin.1.fa,/hps/nobackup/rdf/metagenomics/research-team/saary/pipeline/lichen/results/MAGs/raw/public_SRR12240185_concoct_bin.1.fa,34534459
public_SRR12240183_metabat2_bin.10.fa,/hps/nobackup/rdf/metagenomics/research-team/saary/pipeline/lichen/results/MAGs/raw/public_SRR12240183_metabat2_bin.10.fa,34488242
public_SRR11456913_concoct_bin.13.fa,/hps/nobackup/rdf/metagenomics/research-team/saary/pipeline/lichen/results/MAGs/raw/public_SRR11456913_concoct_bin.13.fa,43163750
public_SRR11456914_concoct_merged.0.fa,/hps/nobackup/rdf/metagenomics/research-team/saary/pipeline/lichen/results/MAGs/raw/public_SRR11456914_concoct_merged.0.fa,72131769
public_SRR11456915_concoct_bin.5.fa,/hps/nobackup/rdf/metagenomics/research-team/saary/pipeline/lichen/results/MAGs/raw/public_SRR11456915_concoct_bin.5.fa,47368747
public_SRR11456915_metabat2_merged.0.fa,/hps/nobackup/rdf/metagenomics/research-team/saary/pipeline/lichen/results/MAGs/raw/public_SRR11456915_metabat2_merged.0.fa,88820417
public_SRR11456917_metabat2_merged.0.fa,/hps/nobackup/rdf/metagenomics/research-team/saary/pipeline/lichen/results/MAGs/raw/public_SRR11456917_metabat2_merged.0.fa,82784608
public_SRR11456919_concoct_bin.22.fa,/hps/nobackup/rdf/metagenomics/research-team/saary/pipeline/lichen/results/MAGs/raw/public_SRR11456919_concoct_bin.22.fa,48121382
public_SRR11456919_metabat2_bin.15.fa,/hps/nobackup/rdf/metagenomics/research-team/saary/pipeline/lichen/results/MAGs/raw/public_SRR11456919_metabat2_bin.15.fa,93724474
public_SRR11456921_concoct_merged.0.fa,/hps/nobackup/rdf/metagenomics/research-team/saary/pipeline/lichen/results/MAGs/raw/public_SRR11456921_concoct_merged.0.fa,62580533
public_SRR11456921_metabat2_merged.0.fa,/hps/nobackup/rdf/metagenomics/research-team/saary/pipeline/lichen/results/MAGs/raw/public_SRR11456921_metabat2_merged.0.fa,98573368
public_SRR7232214_concoct_bin.6.fa,/hps/nobackup/rdf/metagenomics/research-team/saary/pipeline/lichen/results/MAGs/raw/public_SRR7232214_concoct_bin.6.fa,30085495
public_SRR7232214_concoct_bin.7.fa,/hps/nobackup/rdf/metagenomics/research-team/saary/pipeline/lichen/results/MAGs/raw/public_SRR7232214_concoct_bin.7.fa,18330858
public_SRR7232214_concoct_bin.9.fa,/hps/nobackup/rdf/metagenomics/research-team/saary/pipeline/lichen/results/MAGs/raw/public_SRR7232214_concoct_bin.9.fa,55709528
public_SRR7232213_concoct_bin.0.fa,/hps/nobackup/rdf/metagenomics/research-team/saary/pipeline/lichen/results/MAGs/raw/public_SRR7232213_concoct_bin.0.fa,55330623
public_SRR7232213_concoct_bin.1.fa,/hps/nobackup/rdf/metagenomics/research-team/saary/pipeline/lichen/results/MAGs/raw/public_SRR7232213_concoct_bin.1.fa,31416443
public_SRR7232212_concoct_bin.0.fa,/hps/nobackup/rdf/metagenomics/research-team/saary/pipeline/lichen/results/MAGs/raw/public_SRR7232212_concoct_bin.0.fa,55496273
public_SRR7232212_concoct_bin.12.fa,/hps/nobackup/rdf/metagenomics/research-team/saary/pipeline/lichen/results/MAGs/raw/public_SRR7232212_concoct_bin.12.fa,16983982
public_SRR7232212_concoct_bin.5.fa,/hps/nobackup/rdf/metagenomics/research-team/saary/pipeline/lichen/results/MAGs/raw/public_SRR7232212_concoct_bin.5.fa,16344065
public_SRR7232212_metabat2_bin.5.fa,/hps/nobackup/rdf/metagenomics/research-team/saary/pipeline/lichen/results/MAGs/raw/public_SRR7232212_metabat2_bin.5.fa,29040754
public_SRR7232211_concoct_bin.3.fa,/hps/nobackup/rdf/metagenomics/research-team/saary/pipeline/lichen/results/MAGs/raw/public_SRR7232211_concoct_bin.3.fa,32307886
public_SRR7232211_concoct_bin.8.fa,/hps/nobackup/rdf/metagenomics/research-team/saary/pipeline/lichen/results/MAGs/raw/public_SRR7232211_concoct_bin.8.fa,58668785
public_SRR5808930_metabat2_bin.9.fa,/hps/nobackup/rdf/metagenomics/research-team/saary/pipeline/lichen/results/MAGs/raw/public_SRR5808930_metabat2_bin.9.fa,36310671
public_SRR5808932_concoct_bin.35.fa,/hps/nobackup/rdf/metagenomics/research-team/saary/pipeline/lichen/results/MAGs/raw/public_SRR5808932_concoct_bin.35.fa,29971438
public_SRR5808932_metabat2_bin.2.fa,/hps/nobackup/rdf/metagenomics/research-team/saary/pipeline/lichen/results/MAGs/raw/public_SRR5808932_metabat2_bin.2.fa,53955646
public_SRR13685140_metabat2_bin.1.fa,/hps/nobackup/rdf/metagenomics/research-team/saary/pipeline/lichen/results/MAGs/raw/public_SRR13685140_metabat2_bin.1.fa,22898054
public_SRR13685154_metabat2_bin.1.fa,/hps/nobackup/rdf/metagenomics/research-team/saary/pipeline/lichen/results/MAGs/raw/public_SRR13685154_metabat2_bin.1.fa,24216959
public_SRR13685157_metabat2_bin.1.fa,/hps/nobackup/rdf/metagenomics/research-team/saary/pipeline/lichen/results/MAGs/raw/public_SRR13685157_metabat2_bin.1.fa,18336835
public_SRR13685158_concoct_merged.0.fa,/hps/nobackup/rdf/metagenomics/research-team/saary/pipeline/lichen/results/MAGs/raw/public_SRR13685158_concoct_merged.0.fa,30235036
public_SRR13685159_concoct_merged.0.fa,/hps/nobackup/rdf/metagenomics/research-team/saary/pipeline/lichen/results/MAGs/raw/public_SRR13685159_concoct_merged.0.fa,45368639
public_SRR13685161_metabat2_bin.1.fa,/hps/nobackup/rdf/metagenomics/research-team/saary/pipeline/lichen/results/MAGs/raw/public_SRR13685161_metabat2_bin.1.fa,30709641
public_SRR13685162_metabat2_bin.2.fa,/hps/nobackup/rdf/metagenomics/research-team/saary/pipeline/lichen/results/MAGs/raw/public_SRR13685162_metabat2_bin.2.fa,30437628
public_SRR13685164_concoct_bin.7.fa,/hps/nobackup/rdf/metagenomics/research-team/saary/pipeline/lichen/results/MAGs/raw/public_SRR13685164_concoct_bin.7.fa,29939518
public_SRR13685165_metabat2_bin.3.fa,/hps/nobackup/rdf/metagenomics/research-team/saary/pipeline/lichen/results/MAGs/raw/public_SRR13685165_metabat2_bin.3.fa,31243966
public_SRR14721922_metabat2_bin.4.fa,/hps/nobackup/rdf/metagenomics/research-team/saary/pipeline/lichen/results/MAGs/raw/public_SRR14721922_metabat2_bin.4.fa,30284861
public_SRR14721923_metabat2_bin.2.fa,/hps/nobackup/rdf/metagenomics/research-team/saary/pipeline/lichen/results/MAGs/raw/public_SRR14721923_metabat2_bin.2.fa,29526551
public_SRR14721925_concoct_bin.8.fa,/hps/nobackup/rdf/metagenomics/research-team/saary/pipeline/lichen/results/MAGs/raw/public_SRR14721925_concoct_bin.8.fa,30094932
public_SRR14721926_metabat2_bin.3.fa,/hps/nobackup/rdf/metagenomics/research-team/saary/pipeline/lichen/results/MAGs/raw/public_SRR14721926_metabat2_bin.3.fa,32290860
public_SRR14721927_metabat2_bin.2.fa,/hps/nobackup/rdf/metagenomics/research-team/saary/pipeline/lichen/results/MAGs/raw/public_SRR14721927_metabat2_bin.2.fa,33215599
public_SRR14721929_concoct_bin.20.fa,/hps/nobackup/rdf/metagenomics/research-team/saary/pipeline/lichen/results/MAGs/raw/public_SRR14721929_concoct_bin.20.fa,12174069
public_SRR14721929_metabat2_bin.13.fa,/hps/nobackup/rdf/metagenomics/research-team/saary/pipeline/lichen/results/MAGs/raw/public_SRR14721929_metabat2_bin.13.fa,32096707
public_SRR14721931_concoct_merged.0.fa,/hps/nobackup/rdf/metagenomics/research-team/saary/pipeline/lichen/results/MAGs/raw/public_SRR14721931_concoct_merged.0.fa,27913223
public_SRR14721932_concoct_bin.34.fa,/hps/nobackup/rdf/metagenomics/research-team/saary/pipeline/lichen/results/MAGs/raw/public_SRR14721932_concoct_bin.34.fa,28320957
public_SRR14721933_metabat2_bin.1.fa,/hps/nobackup/rdf/metagenomics/research-team/saary/pipeline/lichen/results/MAGs/raw/public_SRR14721933_metabat2_bin.1.fa,28341076
public_SRR14721935_metabat2_bin.5.fa,/hps/nobackup/rdf/metagenomics/research-team/saary/pipeline/lichen/results/MAGs/raw/public_SRR14721935_metabat2_bin.5.fa,30687529
public_SRR14721936_concoct_merged.0.fa,/hps/nobackup/rdf/metagenomics/research-team/saary/pipeline/lichen/results/MAGs/raw/public_SRR14721936_concoct_merged.0.fa,23152140
public_SRR14721937_metabat2_bin.4.fa,/hps/nobackup/rdf/metagenomics/research-team/saary/pipeline/lichen/results/MAGs/raw/public_SRR14721937_metabat2_bin.4.fa,25566584
public_SRR14721939_concoct_merged.0.fa,/hps/nobackup/rdf/metagenomics/research-team/saary/pipeline/lichen/results/MAGs/raw/public_SRR14721939_concoct_merged.0.fa,24980457
public_SRR14721941_concoct_bin.5.fa,/hps/nobackup/rdf/metagenomics/research-team/saary/pipeline/lichen/results/MAGs/raw/public_SRR14721941_concoct_bin.5.fa,26374195
public_SRR14721942_metabat2_bin.2.fa,/hps/nobackup/rdf/metagenomics/research-team/saary/pipeline/lichen/results/MAGs/raw/public_SRR14721942_metabat2_bin.2.fa,32030579
public_SRR14721943_metabat2_bin.1.fa,/hps/nobackup/rdf/metagenomics/research-team/saary/pipeline/lichen/results/MAGs/raw/public_SRR14721943_metabat2_bin.1.fa,31682591
public_SRR14721944_concoct_merged.0.fa,/hps/nobackup/rdf/metagenomics/research-team/saary/pipeline/lichen/results/MAGs/raw/public_SRR14721944_concoct_merged.0.fa,21879680
public_SRR14721945_metabat2_bin.3.fa,/hps/nobackup/rdf/metagenomics/research-team/saary/pipeline/lichen/results/MAGs/raw/public_SRR14721945_metabat2_bin.3.fa,24855828
public_SRR14721946_metabat2_bin.2.fa,/hps/nobackup/rdf/metagenomics/research-team/saary/pipeline/lichen/results/MAGs/raw/public_SRR14721946_metabat2_bin.2.fa,24216471
public_SRR14721947_metabat2_bin.6.fa,/hps/nobackup/rdf/metagenomics/research-team/saary/pipeline/lichen/results/MAGs/raw/public_SRR14721947_metabat2_bin.6.fa,31983833
public_SRR14721948_concoct_merged.0.fa,/hps/nobackup/rdf/metagenomics/research-team/saary/pipeline/lichen/results/MAGs/raw/public_SRR14721948_concoct_merged.0.fa,29695316
public_SRR14721949_concoct_bin.4.fa,/hps/nobackup/rdf/metagenomics/research-team/saary/pipeline/lichen/results/MAGs/raw/public_SRR14721949_concoct_bin.4.fa,28100536
public_SRR14721950_metabat2_bin.6.fa,/hps/nobackup/rdf/metagenomics/research-team/saary/pipeline/lichen/results/MAGs/raw/public_SRR14721950_metabat2_bin.6.fa,20843906
public_SRR14721952_concoct_merged.0.fa,/hps/nobackup/rdf/metagenomics/research-team/saary/pipeline/lichen/results/MAGs/raw/public_SRR14721952_concoct_merged.0.fa,29208772
public_SRR14721953_concoct_bin.46.fa,/hps/nobackup/rdf/metagenomics/research-team/saary/pipeline/lichen/results/MAGs/raw/public_SRR14721953_concoct_bin.46.fa,16849686
public_SRR14721954_metabat2_bin.3.fa,/hps/nobackup/rdf/metagenomics/research-team/saary/pipeline/lichen/results/MAGs/raw/public_SRR14721954_metabat2_bin.3.fa,21050370
public_SRR14721956_metabat2_bin.3.fa,/hps/nobackup/rdf/metagenomics/research-team/saary/pipeline/lichen/results/MAGs/raw/public_SRR14721956_metabat2_bin.3.fa,31212012
public_SRR14721957_metabat2_bin.1.fa,/hps/nobackup/rdf/metagenomics/research-team/saary/pipeline/lichen/results/MAGs/raw/public_SRR14721957_metabat2_bin.1.fa,13010775
public_SRR14721959_metabat2_bin.2.fa,/hps/nobackup/rdf/metagenomics/research-team/saary/pipeline/lichen/results/MAGs/raw/public_SRR14721959_metabat2_bin.2.fa,18791956
public_SRR14721960_metabat2_bin.2.fa,/hps/nobackup/rdf/metagenomics/research-team/saary/pipeline/lichen/results/MAGs/raw/public_SRR14721960_metabat2_bin.2.fa,24608064
public_SRR14721961_concoct_bin.1.fa,/hps/nobackup/rdf/metagenomics/research-team/saary/pipeline/lichen/results/MAGs/raw/public_SRR14721961_concoct_bin.1.fa,14050256
public_SRR14721962_metabat2_bin.6.fa,/hps/nobackup/rdf/metagenomics/research-team/saary/pipeline/lichen/results/MAGs/raw/public_SRR14721962_metabat2_bin.6.fa,22076511
public_SRR14721964_metabat2_bin.3.fa,/hps/nobackup/rdf/metagenomics/research-team/saary/pipeline/lichen/results/MAGs/raw/public_SRR14721964_metabat2_bin.3.fa,25555617
public_SRR14721965_metabat2_bin.1.fa,/hps/nobackup/rdf/metagenomics/research-team/saary/pipeline/lichen/results/MAGs/raw/public_SRR14721965_metabat2_bin.1.fa,29021755
public_SRR14721966_metabat2_bin.6.fa,/hps/nobackup/rdf/metagenomics/research-team/saary/pipeline/lichen/results/MAGs/raw/public_SRR14721966_metabat2_bin.6.fa,23364708
public_SRR14721968_concoct_bin.6.fa,/hps/nobackup/rdf/metagenomics/research-team/saary/pipeline/lichen/results/MAGs/raw/public_SRR14721968_concoct_bin.6.fa,20394191
public_SRR14721970_metabat2_bin.1.fa,/hps/nobackup/rdf/metagenomics/research-team/saary/pipeline/lichen/results/MAGs/raw/public_SRR14721970_metabat2_bin.1.fa,31270501
public_SRR14721971_concoct_merged.0.fa,/hps/nobackup/rdf/metagenomics/research-team/saary/pipeline/lichen/results/MAGs/raw/public_SRR14721971_concoct_merged.0.fa,22677464
public_SRR14721973_metabat2_bin.2.fa,/hps/nobackup/rdf/metagenomics/research-team/saary/pipeline/lichen/results/MAGs/raw/public_SRR14721973_metabat2_bin.2.fa,34874262
public_SRR14721974_metabat2_bin.1.fa,/hps/nobackup/rdf/metagenomics/research-team/saary/pipeline/lichen/results/MAGs/raw/public_SRR14721974_metabat2_bin.1.fa,25397939
public_SRR14721977_metabat2_bin.1.fa,/hps/nobackup/rdf/metagenomics/research-team/saary/pipeline/lichen/results/MAGs/raw/public_SRR14721977_metabat2_bin.1.fa,17433853
public_SRR14721978_concoct_merged.0.fa,/hps/nobackup/rdf/metagenomics/research-team/saary/pipeline/lichen/results/MAGs/raw/public_SRR14721978_concoct_merged.0.fa,25185608
public_SRR14721979_metabat2_bin.1.fa,/hps/nobackup/rdf/metagenomics/research-team/saary/pipeline/lichen/results/MAGs/raw/public_SRR14721979_metabat2_bin.1.fa,34557146
public_SRR14721980_metabat2_bin.4.fa,/hps/nobackup/rdf/metagenomics/research-team/saary/pipeline/lichen/results/MAGs/raw/public_SRR14721980_metabat2_bin.4.fa,24074817
public_SRR14721982_metabat2_bin.3.fa,/hps/nobackup/rdf/metagenomics/research-team/saary/pipeline/lichen/results/MAGs/raw/public_SRR14721982_metabat2_bin.3.fa,23745995
public_SRR14721983_metabat2_bin.1.fa,/hps/nobackup/rdf/metagenomics/research-team/saary/pipeline/lichen/results/MAGs/raw/public_SRR14721983_metabat2_bin.1.fa,25048733
public_SRR14721984_concoct_merged.0.fa,/hps/nobackup/rdf/metagenomics/research-team/saary/pipeline/lichen/results/MAGs/raw/public_SRR14721984_concoct_merged.0.fa,34017098
public_SRR14721985_metabat2_bin.4.fa,/hps/nobackup/rdf/metagenomics/research-team/saary/pipeline/lichen/results/MAGs/raw/public_SRR14721985_metabat2_bin.4.fa,29253534
public_SRR14721986_metabat2_bin.4.fa,/hps/nobackup/rdf/metagenomics/research-team/saary/pipeline/lichen/results/MAGs/raw/public_SRR14721986_metabat2_bin.4.fa,28415343
public_SRR14721987_metabat2_bin.1.fa,/hps/nobackup/rdf/metagenomics/research-team/saary/pipeline/lichen/results/MAGs/raw/public_SRR14721987_metabat2_bin.1.fa,26140875
public_SRR14721990_metabat2_bin.6.fa,/hps/nobackup/rdf/metagenomics/research-team/saary/pipeline/lichen/results/MAGs/raw/public_SRR14721990_metabat2_bin.6.fa,28467715
public_SRR14721991_concoct_merged.0.fa,/hps/nobackup/rdf/metagenomics/research-team/saary/pipeline/lichen/results/MAGs/raw/public_SRR14721991_concoct_merged.0.fa,31028479
public_SRR14721992_concoct_merged.0.fa,/hps/nobackup/rdf/metagenomics/research-team/saary/pipeline/lichen/results/MAGs/raw/public_SRR14721992_concoct_merged.0.fa,28661687
public_SRR14721993_concoct_bin.5.fa,/hps/nobackup/rdf/metagenomics/research-team/saary/pipeline/lichen/results/MAGs/raw/public_SRR14721993_concoct_bin.5.fa,26759001
public_SRR14721995_metabat2_bin.4.fa,/hps/nobackup/rdf/metagenomics/research-team/saary/pipeline/lichen/results/MAGs/raw/public_SRR14721995_metabat2_bin.4.fa,31516815
public_SRR14721996_metabat2_bin.8.fa,/hps/nobackup/rdf/metagenomics/research-team/saary/pipeline/lichen/results/MAGs/raw/public_SRR14721996_metabat2_bin.8.fa,34948523
public_SRR14721997_metabat2_bin.1.fa,/hps/nobackup/rdf/metagenomics/research-team/saary/pipeline/lichen/results/MAGs/raw/public_SRR14721997_metabat2_bin.1.fa,32245272
public_SRR14721999_concoct_bin.2.fa,/hps/nobackup/rdf/metagenomics/research-team/saary/pipeline/lichen/results/MAGs/raw/public_SRR14721999_concoct_bin.2.fa,23263670
public_SRR14722000_concoct_merged.0.fa,/hps/nobackup/rdf/metagenomics/research-team/saary/pipeline/lichen/results/MAGs/raw/public_SRR14722000_concoct_merged.0.fa,30991706
public_SRR14722002_metabat2_bin.2.fa,/hps/nobackup/rdf/metagenomics/research-team/saary/pipeline/lichen/results/MAGs/raw/public_SRR14722002_metabat2_bin.2.fa,29099014
public_SRR14722003_metabat2_bin.1.fa,/hps/nobackup/rdf/metagenomics/research-team/saary/pipeline/lichen/results/MAGs/raw/public_SRR14722003_metabat2_bin.1.fa,24008401
public_SRR14722004_metabat2_bin.1.fa,/hps/nobackup/rdf/metagenomics/research-team/saary/pipeline/lichen/results/MAGs/raw/public_SRR14722004_metabat2_bin.1.fa,33271660
public_SRR14722005_metabat2_bin.1.fa,/hps/nobackup/rdf/metagenomics/research-team/saary/pipeline/lichen/results/MAGs/raw/public_SRR14722005_metabat2_bin.1.fa,29113940
public_SRR14722006_metabat2_bin.2.fa,/hps/nobackup/rdf/metagenomics/research-team/saary/pipeline/lichen/results/MAGs/raw/public_SRR14722006_metabat2_bin.2.fa,33363126
public_SRR14722007_metabat2_bin.10.fa,/hps/nobackup/rdf/metagenomics/research-team/saary/pipeline/lichen/results/MAGs/raw/public_SRR14722007_metabat2_bin.10.fa,30417672
public_SRR14722009_concoct_bin.5.fa,/hps/nobackup/rdf/metagenomics/research-team/saary/pipeline/lichen/results/MAGs/raw/public_SRR14722009_concoct_bin.5.fa,26148408
public_SRR14722010_metabat2_bin.2.fa,/hps/nobackup/rdf/metagenomics/research-team/saary/pipeline/lichen/results/MAGs/raw/public_SRR14722010_metabat2_bin.2.fa,31075743
public_SRR14722012_metabat2_bin.2.fa,/hps/nobackup/rdf/metagenomics/research-team/saary/pipeline/lichen/results/MAGs/raw/public_SRR14722012_metabat2_bin.2.fa,29791372
public_SRR14722013_metabat2_bin.2.fa,/hps/nobackup/rdf/metagenomics/research-team/saary/pipeline/lichen/results/MAGs/raw/public_SRR14722013_metabat2_bin.2.fa,26174165
public_SRR14722014_metabat2_bin.1.fa,/hps/nobackup/rdf/metagenomics/research-team/saary/pipeline/lichen/results/MAGs/raw/public_SRR14722014_metabat2_bin.1.fa,27971886
public_SRR14722015_metabat2_bin.2.fa,/hps/nobackup/rdf/metagenomics/research-team/saary/pipeline/lichen/results/MAGs/raw/public_SRR14722015_metabat2_bin.2.fa,18310306
public_SRR14722016_metabat2_bin.3.fa,/hps/nobackup/rdf/metagenomics/research-team/saary/pipeline/lichen/results/MAGs/raw/public_SRR14722016_metabat2_bin.3.fa,20806235
public_SRR14722017_metabat2_bin.2.fa,/hps/nobackup/rdf/metagenomics/research-team/saary/pipeline/lichen/results/MAGs/raw/public_SRR14722017_metabat2_bin.2.fa,30760831
public_SRR14722018_metabat2_bin.2.fa,/hps/nobackup/rdf/metagenomics/research-team/saary/pipeline/lichen/results/MAGs/raw/public_SRR14722018_metabat2_bin.2.fa,17385180
public_SRR14722019_concoct_merged.0.fa,/hps/nobackup/rdf/metagenomics/research-team/saary/pipeline/lichen/results/MAGs/raw/public_SRR14722019_concoct_merged.0.fa,32096469
public_SRR14722020_concoct_merged.0.fa,/hps/nobackup/rdf/metagenomics/research-team/saary/pipeline/lichen/results/MAGs/raw/public_SRR14722020_concoct_merged.0.fa,27153393
public_SRR14722021_metabat2_bin.1.fa,/hps/nobackup/rdf/metagenomics/research-team/saary/pipeline/lichen/results/MAGs/raw/public_SRR14722021_metabat2_bin.1.fa,30718572
public_SRR14722022_concoct_bin.14.fa,/hps/nobackup/rdf/metagenomics/research-team/saary/pipeline/lichen/results/MAGs/raw/public_SRR14722022_concoct_bin.14.fa,31204119
public_SRR14722023_metabat2_bin.5.fa,/hps/nobackup/rdf/metagenomics/research-team/saary/pipeline/lichen/results/MAGs/raw/public_SRR14722023_metabat2_bin.5.fa,33216096
public_SRR14722024_concoct_bin.3.fa,/hps/nobackup/rdf/metagenomics/research-team/saary/pipeline/lichen/results/MAGs/raw/public_SRR14722024_concoct_bin.3.fa,24585898
public_SRR14722026_metabat2_bin.4.fa,/hps/nobackup/rdf/metagenomics/research-team/saary/pipeline/lichen/results/MAGs/raw/public_SRR14722026_metabat2_bin.4.fa,34279999
public_SRR14722028_metabat2_bin.1.fa,/hps/nobackup/rdf/metagenomics/research-team/saary/pipeline/lichen/results/MAGs/raw/public_SRR14722028_metabat2_bin.1.fa,30646640
public_SRR14722031_metabat2_bin.3.fa,/hps/nobackup/rdf/metagenomics/research-team/saary/pipeline/lichen/results/MAGs/raw/public_SRR14722031_metabat2_bin.3.fa,24548484
public_SRR14722032_metabat2_bin.2.fa,/hps/nobackup/rdf/metagenomics/research-team/saary/pipeline/lichen/results/MAGs/raw/public_SRR14722032_metabat2_bin.2.fa,31179552
public_SRR14722033_concoct_bin.2.fa,/hps/nobackup/rdf/metagenomics/research-team/saary/pipeline/lichen/results/MAGs/raw/public_SRR14722033_concoct_bin.2.fa,31190216
public_SRR14722034_metabat2_bin.1.fa,/hps/nobackup/rdf/metagenomics/research-team/saary/pipeline/lichen/results/MAGs/raw/public_SRR14722034_metabat2_bin.1.fa,32646117
public_SRR14722036_metabat2_bin.1.fa,/hps/nobackup/rdf/metagenomics/research-team/saary/pipeline/lichen/results/MAGs/raw/public_SRR14722036_metabat2_bin.1.fa,32350195
public_SRR14722037_metabat2_bin.2.fa,/hps/nobackup/rdf/metagenomics/research-team/saary/pipeline/lichen/results/MAGs/raw/public_SRR14722037_metabat2_bin.2.fa,29315195
public_SRR14722038_metabat2_bin.1.fa,/hps/nobackup/rdf/metagenomics/research-team/saary/pipeline/lichen/results/MAGs/raw/public_SRR14722038_metabat2_bin.1.fa,33397459
public_SRR14722039_metabat2_bin.7.fa,/hps/nobackup/rdf/metagenomics/research-team/saary/pipeline/lichen/results/MAGs/raw/public_SRR14722039_metabat2_bin.7.fa,23178609
public_SRR14722041_metabat2_bin.10.fa,/hps/nobackup/rdf/metagenomics/research-team/saary/pipeline/lichen/results/MAGs/raw/public_SRR14722041_metabat2_bin.10.fa,26702899
public_SRR14722042_metabat2_bin.4.fa,/hps/nobackup/rdf/metagenomics/research-team/saary/pipeline/lichen/results/MAGs/raw/public_SRR14722042_metabat2_bin.4.fa,23631243
public_SRR14722042_metabat2_bin.6.fa,/hps/nobackup/rdf/metagenomics/research-team/saary/pipeline/lichen/results/MAGs/raw/public_SRR14722042_metabat2_bin.6.fa,23754413
public_SRR14722043_metabat2_bin.3.fa,/hps/nobackup/rdf/metagenomics/research-team/saary/pipeline/lichen/results/MAGs/raw/public_SRR14722043_metabat2_bin.3.fa,22757456
public_SRR14722046_concoct_bin.7.fa,/hps/nobackup/rdf/metagenomics/research-team/saary/pipeline/lichen/results/MAGs/raw/public_SRR14722046_concoct_bin.7.fa,27286209
public_SRR14722047_metabat2_bin.3.fa,/hps/nobackup/rdf/metagenomics/research-team/saary/pipeline/lichen/results/MAGs/raw/public_SRR14722047_metabat2_bin.3.fa,28440486
public_SRR14722049_concoct_bin.8.fa,/hps/nobackup/rdf/metagenomics/research-team/saary/pipeline/lichen/results/MAGs/raw/public_SRR14722049_concoct_bin.8.fa,28605651
public_SRR14722050_metabat2_bin.2.fa,/hps/nobackup/rdf/metagenomics/research-team/saary/pipeline/lichen/results/MAGs/raw/public_SRR14722050_metabat2_bin.2.fa,22900309
public_SRR14722051_metabat2_bin.4.fa,/hps/nobackup/rdf/metagenomics/research-team/saary/pipeline/lichen/results/MAGs/raw/public_SRR14722051_metabat2_bin.4.fa,25666973
public_SRR14722054_metabat2_bin.5.fa,/hps/nobackup/rdf/metagenomics/research-team/saary/pipeline/lichen/results/MAGs/raw/public_SRR14722054_metabat2_bin.5.fa,29545193
public_SRR14722056_metabat2_bin.4.fa,/hps/nobackup/rdf/metagenomics/research-team/saary/pipeline/lichen/results/MAGs/raw/public_SRR14722056_metabat2_bin.4.fa,29928417
public_SRR14722057_concoct_merged.0.fa,/hps/nobackup/rdf/metagenomics/research-team/saary/pipeline/lichen/results/MAGs/raw/public_SRR14722057_concoct_merged.0.fa,29626692
public_SRR14722058_metabat2_bin.4.fa,/hps/nobackup/rdf/metagenomics/research-team/saary/pipeline/lichen/results/MAGs/raw/public_SRR14722058_metabat2_bin.4.fa,21476704
public_SRR14722061_metabat2_bin.1.fa,/hps/nobackup/rdf/metagenomics/research-team/saary/pipeline/lichen/results/MAGs/raw/public_SRR14722061_metabat2_bin.1.fa,28894720
public_SRR14722062_metabat2_bin.2.fa,/hps/nobackup/rdf/metagenomics/research-team/saary/pipeline/lichen/results/MAGs/raw/public_SRR14722062_metabat2_bin.2.fa,27199670
public_SRR14722063_concoct_bin.10.fa,/hps/nobackup/rdf/metagenomics/research-team/saary/pipeline/lichen/results/MAGs/raw/public_SRR14722063_concoct_bin.10.fa,31589493
public_SRR14722064_metabat2_bin.6.fa,/hps/nobackup/rdf/metagenomics/research-team/saary/pipeline/lichen/results/MAGs/raw/public_SRR14722064_metabat2_bin.6.fa,28137239
public_SRR14722065_metabat2_bin.6.fa,/hps/nobackup/rdf/metagenomics/research-team/saary/pipeline/lichen/results/MAGs/raw/public_SRR14722065_metabat2_bin.6.fa,24531407
public_SRR14722066_metabat2_bin.7.fa,/hps/nobackup/rdf/metagenomics/research-team/saary/pipeline/lichen/results/MAGs/raw/public_SRR14722066_metabat2_bin.7.fa,23681804
public_SRR14722067_metabat2_bin.1.fa,/hps/nobackup/rdf/metagenomics/research-team/saary/pipeline/lichen/results/MAGs/raw/public_SRR14722067_metabat2_bin.1.fa,30262039
public_SRR14722067_metabat2_bin.8.fa,/hps/nobackup/rdf/metagenomics/research-team/saary/pipeline/lichen/results/MAGs/raw/public_SRR14722067_metabat2_bin.8.fa,33073044
public_SRR14722068_metabat2_bin.3.fa,/hps/nobackup/rdf/metagenomics/research-team/saary/pipeline/lichen/results/MAGs/raw/public_SRR14722068_metabat2_bin.3.fa,31855629
public_SRR14722072_concoct_merged.0.fa,/hps/nobackup/rdf/metagenomics/research-team/saary/pipeline/lichen/results/MAGs/raw/public_SRR14722072_concoct_merged.0.fa,23918369
public_SRR14722077_concoct_merged.0.fa,/hps/nobackup/rdf/metagenomics/research-team/saary/pipeline/lichen/results/MAGs/raw/public_SRR14722077_concoct_merged.0.fa,31291365
public_SRR14722078_concoct_bin.17.fa,/hps/nobackup/rdf/metagenomics/research-team/saary/pipeline/lichen/results/MAGs/raw/public_SRR14722078_concoct_bin.17.fa,29286468
public_SRR14722080_concoct_merged.0.fa,/hps/nobackup/rdf/metagenomics/research-team/saary/pipeline/lichen/results/MAGs/raw/public_SRR14722080_concoct_merged.0.fa,18398308
public_SRR14722080_metabat2_bin.1.fa,/hps/nobackup/rdf/metagenomics/research-team/saary/pipeline/lichen/results/MAGs/raw/public_SRR14722080_metabat2_bin.1.fa,24278505
public_SRR14722081_metabat2_bin.3.fa,/hps/nobackup/rdf/metagenomics/research-team/saary/pipeline/lichen/results/MAGs/raw/public_SRR14722081_metabat2_bin.3.fa,29178880
public_SRR14722082_metabat2_bin.6.fa,/hps/nobackup/rdf/metagenomics/research-team/saary/pipeline/lichen/results/MAGs/raw/public_SRR14722082_metabat2_bin.6.fa,28054855
public_SRR14722083_concoct_bin.1.fa,/hps/nobackup/rdf/metagenomics/research-team/saary/pipeline/lichen/results/MAGs/raw/public_SRR14722083_concoct_bin.1.fa,24386104
public_SRR14722083_concoct_bin.22.fa,/hps/nobackup/rdf/metagenomics/research-team/saary/pipeline/lichen/results/MAGs/raw/public_SRR14722083_concoct_bin.22.fa,24887740
public_SRR14722084_metabat2_bin.3.fa,/hps/nobackup/rdf/metagenomics/research-team/saary/pipeline/lichen/results/MAGs/raw/public_SRR14722084_metabat2_bin.3.fa,30286100
public_SRR14722085_metabat2_bin.6.fa,/hps/nobackup/rdf/metagenomics/research-team/saary/pipeline/lichen/results/MAGs/raw/public_SRR14722085_metabat2_bin.6.fa,27482044
public_SRR14722086_metabat2_bin.14.fa,/hps/nobackup/rdf/metagenomics/research-team/saary/pipeline/lichen/results/MAGs/raw/public_SRR14722086_metabat2_bin.14.fa,20387402
public_SRR14722087_metabat2_bin.6.fa,/hps/nobackup/rdf/metagenomics/research-team/saary/pipeline/lichen/results/MAGs/raw/public_SRR14722087_metabat2_bin.6.fa,27332133
public_SRR14722088_concoct_bin.14.fa,/hps/nobackup/rdf/metagenomics/research-team/saary/pipeline/lichen/results/MAGs/raw/public_SRR14722088_concoct_bin.14.fa,29419212
public_SRR14722090_metabat2_bin.14.fa,/hps/nobackup/rdf/metagenomics/research-team/saary/pipeline/lichen/results/MAGs/raw/public_SRR14722090_metabat2_bin.14.fa,20639300
public_SRR14722092_concoct_merged.0.fa,/hps/nobackup/rdf/metagenomics/research-team/saary/pipeline/lichen/results/MAGs/raw/public_SRR14722092_concoct_merged.0.fa,22014185
public_SRR14722094_metabat2_bin.10.fa,/hps/nobackup/rdf/metagenomics/research-team/saary/pipeline/lichen/results/MAGs/raw/public_SRR14722094_metabat2_bin.10.fa,30521473
public_SRR14722095_metabat2_bin.7.fa,/hps/nobackup/rdf/metagenomics/research-team/saary/pipeline/lichen/results/MAGs/raw/public_SRR14722095_metabat2_bin.7.fa,20302860
public_SRR14722098_metabat2_bin.9.fa,/hps/nobackup/rdf/metagenomics/research-team/saary/pipeline/lichen/results/MAGs/raw/public_SRR14722098_metabat2_bin.9.fa,18354405
public_SRR14722099_metabat2_bin.1.fa,/hps/nobackup/rdf/metagenomics/research-team/saary/pipeline/lichen/results/MAGs/raw/public_SRR14722099_metabat2_bin.1.fa,27164441
public_SRR14722101_metabat2_bin.2.fa,/hps/nobackup/rdf/metagenomics/research-team/saary/pipeline/lichen/results/MAGs/raw/public_SRR14722101_metabat2_bin.2.fa,26448327
public_SRR14722103_metabat2_bin.2.fa,/hps/nobackup/rdf/metagenomics/research-team/saary/pipeline/lichen/results/MAGs/raw/public_SRR14722103_metabat2_bin.2.fa,30103970
public_SRR14722105_concoct_merged.0.fa,/hps/nobackup/rdf/metagenomics/research-team/saary/pipeline/lichen/results/MAGs/raw/public_SRR14722105_concoct_merged.0.fa,23972160
public_SRR14722106_metabat2_bin.2.fa,/hps/nobackup/rdf/metagenomics/research-team/saary/pipeline/lichen/results/MAGs/raw/public_SRR14722106_metabat2_bin.2.fa,34593352
public_SRR14722108_metabat2_bin.1.fa,/hps/nobackup/rdf/metagenomics/research-team/saary/pipeline/lichen/results/MAGs/raw/public_SRR14722108_metabat2_bin.1.fa,31596205
public_SRR14722109_metabat2_bin.1.fa,/hps/nobackup/rdf/metagenomics/research-team/saary/pipeline/lichen/results/MAGs/raw/public_SRR14722109_metabat2_bin.1.fa,31879348
public_SRR14722112_metabat2_bin.8.fa,/hps/nobackup/rdf/metagenomics/research-team/saary/pipeline/lichen/results/MAGs/raw/public_SRR14722112_metabat2_bin.8.fa,30295613
public_SRR14722113_metabat2_bin.5.fa,/hps/nobackup/rdf/metagenomics/research-team/saary/pipeline/lichen/results/MAGs/raw/public_SRR14722113_metabat2_bin.5.fa,28726273
public_SRR14722115_concoct_bin.3.fa,/hps/nobackup/rdf/metagenomics/research-team/saary/pipeline/lichen/results/MAGs/raw/public_SRR14722115_concoct_bin.3.fa,32421814
public_SRR14722116_metabat2_bin.14.fa,/hps/nobackup/rdf/metagenomics/research-team/saary/pipeline/lichen/results/MAGs/raw/public_SRR14722116_metabat2_bin.14.fa,33224986
public_SRR14722116_metabat2_bin.5.fa,/hps/nobackup/rdf/metagenomics/research-team/saary/pipeline/lichen/results/MAGs/raw/public_SRR14722116_metabat2_bin.5.fa,48859335
public_SRR14722117_metabat2_bin.4.fa,/hps/nobackup/rdf/metagenomics/research-team/saary/pipeline/lichen/results/MAGs/raw/public_SRR14722117_metabat2_bin.4.fa,28185128
public_SRR14722118_metabat2_bin.5.fa,/hps/nobackup/rdf/metagenomics/research-team/saary/pipeline/lichen/results/MAGs/raw/public_SRR14722118_metabat2_bin.5.fa,30836631
public_SRR14722119_metabat2_bin.2.fa,/hps/nobackup/rdf/metagenomics/research-team/saary/pipeline/lichen/results/MAGs/raw/public_SRR14722119_metabat2_bin.2.fa,26086763
public_SRR14722120_metabat2_bin.1.fa,/hps/nobackup/rdf/metagenomics/research-team/saary/pipeline/lichen/results/MAGs/raw/public_SRR14722120_metabat2_bin.1.fa,33370561
public_SRR14722120_metabat2_bin.4.fa,/hps/nobackup/rdf/metagenomics/research-team/saary/pipeline/lichen/results/MAGs/raw/public_SRR14722120_metabat2_bin.4.fa,41796735
public_SRR14722121_metabat2_bin.4.fa,/hps/nobackup/rdf/metagenomics/research-team/saary/pipeline/lichen/results/MAGs/raw/public_SRR14722121_metabat2_bin.4.fa,24586490
public_SRR14722123_concoct_merged.0.fa,/hps/nobackup/rdf/metagenomics/research-team/saary/pipeline/lichen/results/MAGs/raw/public_SRR14722123_concoct_merged.0.fa,20570369
public_SRR14722124_metabat2_bin.8.fa,/hps/nobackup/rdf/metagenomics/research-team/saary/pipeline/lichen/results/MAGs/raw/public_SRR14722124_metabat2_bin.8.fa,32856029
public_SRR14722125_metabat2_bin.9.fa,/hps/nobackup/rdf/metagenomics/research-team/saary/pipeline/lichen/results/MAGs/raw/public_SRR14722125_metabat2_bin.9.fa,18294553
public_SRR14722127_concoct_bin.0.fa,/hps/nobackup/rdf/metagenomics/research-team/saary/pipeline/lichen/results/MAGs/raw/public_SRR14722127_concoct_bin.0.fa,27879322
public_SRR14722128_metabat2_bin.9.fa,/hps/nobackup/rdf/metagenomics/research-team/saary/pipeline/lichen/results/MAGs/raw/public_SRR14722128_metabat2_bin.9.fa,30069223
public_SRR14722129_metabat2_bin.3.fa,/hps/nobackup/rdf/metagenomics/research-team/saary/pipeline/lichen/results/MAGs/raw/public_SRR14722129_metabat2_bin.3.fa,31560669
public_SRR14722130_metabat2_bin.11.fa,/hps/nobackup/rdf/metagenomics/research-team/saary/pipeline/lichen/results/MAGs/raw/public_SRR14722130_metabat2_bin.11.fa,20107954
public_SRR14722130_metabat2_bin.9.fa,/hps/nobackup/rdf/metagenomics/research-team/saary/pipeline/lichen/results/MAGs/raw/public_SRR14722130_metabat2_bin.9.fa,32160092
public_SRR14722131_metabat2_bin.1.fa,/hps/nobackup/rdf/metagenomics/research-team/saary/pipeline/lichen/results/MAGs/raw/public_SRR14722131_metabat2_bin.1.fa,28990992
public_SRR14722132_metabat2_bin.8.fa,/hps/nobackup/rdf/metagenomics/research-team/saary/pipeline/lichen/results/MAGs/raw/public_SRR14722132_metabat2_bin.8.fa,30311807
public_SRR14722133_metabat2_bin.2.fa,/hps/nobackup/rdf/metagenomics/research-team/saary/pipeline/lichen/results/MAGs/raw/public_SRR14722133_metabat2_bin.2.fa,29167719
public_SRR14722135_concoct_merged.1.fa,/hps/nobackup/rdf/metagenomics/research-team/saary/pipeline/lichen/results/MAGs/raw/public_SRR14722135_concoct_merged.1.fa,24805116
public_SRR14722135_metabat2_bin.5.fa,/hps/nobackup/rdf/metagenomics/research-team/saary/pipeline/lichen/results/MAGs/raw/public_SRR14722135_metabat2_bin.5.fa,38402819
public_SRR14722135_metabat2_bin.8.fa,/hps/nobackup/rdf/metagenomics/research-team/saary/pipeline/lichen/results/MAGs/raw/public_SRR14722135_metabat2_bin.8.fa,20236142
public_SRR14722136_concoct_merged.0.fa,/hps/nobackup/rdf/metagenomics/research-team/saary/pipeline/lichen/results/MAGs/raw/public_SRR14722136_concoct_merged.0.fa,33799500
public_SRR14722138_metabat2_bin.7.fa,/hps/nobackup/rdf/metagenomics/research-team/saary/pipeline/lichen/results/MAGs/raw/public_SRR14722138_metabat2_bin.7.fa,30387369
public_SRR14722139_metabat2_bin.5.fa,/hps/nobackup/rdf/metagenomics/research-team/saary/pipeline/lichen/results/MAGs/raw/public_SRR14722139_metabat2_bin.5.fa,32197247
public_SRR14722140_metabat2_bin.5.fa,/hps/nobackup/rdf/metagenomics/research-team/saary/pipeline/lichen/results/MAGs/raw/public_SRR14722140_metabat2_bin.5.fa,27939376
public_SRR14722141_concoct_bin.2.fa,/hps/nobackup/rdf/metagenomics/research-team/saary/pipeline/lichen/results/MAGs/raw/public_SRR14722141_concoct_bin.2.fa,31686946
public_SRR14722143_metabat2_bin.4.fa,/hps/nobackup/rdf/metagenomics/research-team/saary/pipeline/lichen/results/MAGs/raw/public_SRR14722143_metabat2_bin.4.fa,21986266
public_SRR14722144_metabat2_bin.3.fa,/hps/nobackup/rdf/metagenomics/research-team/saary/pipeline/lichen/results/MAGs/raw/public_SRR14722144_metabat2_bin.3.fa,29976469
public_SRR14722145_metabat2_bin.10.fa,/hps/nobackup/rdf/metagenomics/research-team/saary/pipeline/lichen/results/MAGs/raw/public_SRR14722145_metabat2_bin.10.fa,22421455
public_SRR14722147_concoct_bin.2.fa,/hps/nobackup/rdf/metagenomics/research-team/saary/pipeline/lichen/results/MAGs/raw/public_SRR14722147_concoct_bin.2.fa,26714181
public_SRR14722147_metabat2_bin.1.fa,/hps/nobackup/rdf/metagenomics/research-team/saary/pipeline/lichen/results/MAGs/raw/public_SRR14722147_metabat2_bin.1.fa,15387725
public_SRR14722150_concoct_bin.35.fa,/hps/nobackup/rdf/metagenomics/research-team/saary/pipeline/lichen/results/MAGs/raw/public_SRR14722150_concoct_bin.35.fa,28948497
public_SRR14722151_metabat2_bin.3.fa,/hps/nobackup/rdf/metagenomics/research-team/saary/pipeline/lichen/results/MAGs/raw/public_SRR14722151_metabat2_bin.3.fa,30252234
public_SRR14722152_metabat2_bin.2.fa,/hps/nobackup/rdf/metagenomics/research-team/saary/pipeline/lichen/results/MAGs/raw/public_SRR14722152_metabat2_bin.2.fa,28683311
public_SRR14722154_concoct_bin.10.fa,/hps/nobackup/rdf/metagenomics/research-team/saary/pipeline/lichen/results/MAGs/raw/public_SRR14722154_concoct_bin.10.fa,15975792
public_SRR14722154_metabat2_bin.3.fa,/hps/nobackup/rdf/metagenomics/research-team/saary/pipeline/lichen/results/MAGs/raw/public_SRR14722154_metabat2_bin.3.fa,26584174
public_SRR14722156_concoct_bin.48.fa,/hps/nobackup/rdf/metagenomics/research-team/saary/pipeline/lichen/results/MAGs/raw/public_SRR14722156_concoct_bin.48.fa,18164823
public_SRR14722157_metabat2_bin.4.fa,/hps/nobackup/rdf/metagenomics/research-team/saary/pipeline/lichen/results/MAGs/raw/public_SRR14722157_metabat2_bin.4.fa,27451878
public_SRR14722158_metabat2_bin.9.fa,/hps/nobackup/rdf/metagenomics/research-team/saary/pipeline/lichen/results/MAGs/raw/public_SRR14722158_metabat2_bin.9.fa,27538851
public_SRR14722159_metabat2_bin.7.fa,/hps/nobackup/rdf/metagenomics/research-team/saary/pipeline/lichen/results/MAGs/raw/public_SRR14722159_metabat2_bin.7.fa,21252951
public_SRR14722159_metabat2_bin.8.fa,/hps/nobackup/rdf/metagenomics/research-team/saary/pipeline/lichen/results/MAGs/raw/public_SRR14722159_metabat2_bin.8.fa,26236480
public_SRR14722160_concoct_bin.3.fa,/hps/nobackup/rdf/metagenomics/research-team/saary/pipeline/lichen/results/MAGs/raw/public_SRR14722160_concoct_bin.3.fa,28693197
public_SRR14722161_metabat2_bin.6.fa,/hps/nobackup/rdf/metagenomics/research-team/saary/pipeline/lichen/results/MAGs/raw/public_SRR14722161_metabat2_bin.6.fa,27204928
public_SRR14722163_concoct_bin.11.fa,/hps/nobackup/rdf/metagenomics/research-team/saary/pipeline/lichen/results/MAGs/raw/public_SRR14722163_concoct_bin.11.fa,26201316
public_SRR14722164_metabat2_bin.2.fa,/hps/nobackup/rdf/metagenomics/research-team/saary/pipeline/lichen/results/MAGs/raw/public_SRR14722164_metabat2_bin.2.fa,24197754
public_SRR14722165_concoct_bin.24.fa,/hps/nobackup/rdf/metagenomics/research-team/saary/pipeline/lichen/results/MAGs/raw/public_SRR14722165_concoct_bin.24.fa,23394055
public_SRR14722165_concoct_bin.25.fa,/hps/nobackup/rdf/metagenomics/research-team/saary/pipeline/lichen/results/MAGs/raw/public_SRR14722165_concoct_bin.25.fa,28485352
public_SRR14722165_metabat2_bin.16.fa,/hps/nobackup/rdf/metagenomics/research-team/saary/pipeline/lichen/results/MAGs/raw/public_SRR14722165_metabat2_bin.16.fa,16287341
public_SRR14722166_concoct_bin.2.fa,/hps/nobackup/rdf/metagenomics/research-team/saary/pipeline/lichen/results/MAGs/raw/public_SRR14722166_concoct_bin.2.fa,32383939
public_SRR14722167_metabat2_bin.4.fa,/hps/nobackup/rdf/metagenomics/research-team/saary/pipeline/lichen/results/MAGs/raw/public_SRR14722167_metabat2_bin.4.fa,28251889
public_SRR14722168_metabat2_bin.6.fa,/hps/nobackup/rdf/metagenomics/research-team/saary/pipeline/lichen/results/MAGs/raw/public_SRR14722168_metabat2_bin.6.fa,32739534
public_SRR14722169_metabat2_bin.6.fa,/hps/nobackup/rdf/metagenomics/research-team/saary/pipeline/lichen/results/MAGs/raw/public_SRR14722169_metabat2_bin.6.fa,30569428
public_SRR14722170_metabat2_bin.4.fa,/hps/nobackup/rdf/metagenomics/research-team/saary/pipeline/lichen/results/MAGs/raw/public_SRR14722170_metabat2_bin.4.fa,29308871
public_SRR14722171_concoct_bin.7.fa,/hps/nobackup/rdf/metagenomics/research-team/saary/pipeline/lichen/results/MAGs/raw/public_SRR14722171_concoct_bin.7.fa,29112311
public_SRR14722173_concoct_merged.0.fa,/hps/nobackup/rdf/metagenomics/research-team/saary/pipeline/lichen/results/MAGs/raw/public_SRR14722173_concoct_merged.0.fa,33504405
public_SRR14722174_metabat2_bin.2.fa,/hps/nobackup/rdf/metagenomics/research-team/saary/pipeline/lichen/results/MAGs/raw/public_SRR14722174_metabat2_bin.2.fa,31984326
public_SRR14722175_metabat2_bin.4.fa,/hps/nobackup/rdf/metagenomics/research-team/saary/pipeline/lichen/results/MAGs/raw/public_SRR14722175_metabat2_bin.4.fa,24445192
public_SRR14722176_concoct_bin.30.fa,/hps/nobackup/rdf/metagenomics/research-team/saary/pipeline/lichen/results/MAGs/raw/public_SRR14722176_concoct_bin.30.fa,19199543
public_SRR14722176_metabat2_bin.14.fa,/hps/nobackup/rdf/metagenomics/research-team/saary/pipeline/lichen/results/MAGs/raw/public_SRR14722176_metabat2_bin.14.fa,23205678
public_SRR14722177_concoct_bin.11.fa,/hps/nobackup/rdf/metagenomics/research-team/saary/pipeline/lichen/results/MAGs/raw/public_SRR14722177_concoct_bin.11.fa,24200494
public_SRR14722177_concoct_merged.0.fa,/hps/nobackup/rdf/metagenomics/research-team/saary/pipeline/lichen/results/MAGs/raw/public_SRR14722177_concoct_merged.0.fa,27302582
public_SRR14722177_metabat2_bin.9.fa,/hps/nobackup/rdf/metagenomics/research-team/saary/pipeline/lichen/results/MAGs/raw/public_SRR14722177_metabat2_bin.9.fa,36559424
public_SRR14722181_concoct_bin.15.fa,/hps/nobackup/rdf/metagenomics/research-team/saary/pipeline/lichen/results/MAGs/raw/public_SRR14722181_concoct_bin.15.fa,24594840
public_SRR14722181_concoct_bin.9.fa,/hps/nobackup/rdf/metagenomics/research-team/saary/pipeline/lichen/results/MAGs/raw/public_SRR14722181_concoct_bin.9.fa,23253195
public_SRR14722184_concoct_bin.5.fa,/hps/nobackup/rdf/metagenomics/research-team/saary/pipeline/lichen/results/MAGs/raw/public_SRR14722184_concoct_bin.5.fa,30897180
public_SRR14722185_metabat2_bin.2.fa,/hps/nobackup/rdf/metagenomics/research-team/saary/pipeline/lichen/results/MAGs/raw/public_SRR14722185_metabat2_bin.2.fa,26056273
public_SRR14722186_metabat2_bin.3.fa,/hps/nobackup/rdf/metagenomics/research-team/saary/pipeline/lichen/results/MAGs/raw/public_SRR14722186_metabat2_bin.3.fa,30940628
public_SRR14722188_concoct_bin.0.fa,/hps/nobackup/rdf/metagenomics/research-team/saary/pipeline/lichen/results/MAGs/raw/public_SRR14722188_concoct_bin.0.fa,23043824
public_SRR14722188_concoct_bin.30.fa,/hps/nobackup/rdf/metagenomics/research-team/saary/pipeline/lichen/results/MAGs/raw/public_SRR14722188_concoct_bin.30.fa,45054228
public_SRR14722188_metabat2_bin.25.fa,/hps/nobackup/rdf/metagenomics/research-team/saary/pipeline/lichen/results/MAGs/raw/public_SRR14722188_metabat2_bin.25.fa,24893827
public_SRR14722188_metabat2_bin.28.fa,/hps/nobackup/rdf/metagenomics/research-team/saary/pipeline/lichen/results/MAGs/raw/public_SRR14722188_metabat2_bin.28.fa,9566273
public_SRR14722197_metabat2_bin.3.fa,/hps/nobackup/rdf/metagenomics/research-team/saary/pipeline/lichen/results/MAGs/raw/public_SRR14722197_metabat2_bin.3.fa,24423375
public_SRR14722202_metabat2_bin.2.fa,/hps/nobackup/rdf/metagenomics/research-team/saary/pipeline/lichen/results/MAGs/raw/public_SRR14722202_metabat2_bin.2.fa,24837606
public_SRR14722208_metabat2_bin.1.fa,/hps/nobackup/rdf/metagenomics/research-team/saary/pipeline/lichen/results/MAGs/raw/public_SRR14722208_metabat2_bin.1.fa,31111827
public_SRR14722210_metabat2_bin.3.fa,/hps/nobackup/rdf/metagenomics/research-team/saary/pipeline/lichen/results/MAGs/raw/public_SRR14722210_metabat2_bin.3.fa,25182958
public_SRR14722213_concoct_bin.9.fa,/hps/nobackup/rdf/metagenomics/research-team/saary/pipeline/lichen/results/MAGs/raw/public_SRR14722213_concoct_bin.9.fa,19589290
public_SRR14722213_metabat2_bin.1.fa,/hps/nobackup/rdf/metagenomics/research-team/saary/pipeline/lichen/results/MAGs/raw/public_SRR14722213_metabat2_bin.1.fa,24186479
public_SRR14722219_metabat2_bin.6.fa,/hps/nobackup/rdf/metagenomics/research-team/saary/pipeline/lichen/results/MAGs/raw/public_SRR14722219_metabat2_bin.6.fa,28305125
public_SRR14722221_metabat2_bin.2.fa,/hps/nobackup/rdf/metagenomics/research-team/saary/pipeline/lichen/results/MAGs/raw/public_SRR14722221_metabat2_bin.2.fa,27242046
public_SRR14722222_metabat2_bin.6.fa,/hps/nobackup/rdf/metagenomics/research-team/saary/pipeline/lichen/results/MAGs/raw/public_SRR14722222_metabat2_bin.6.fa,29161940
public_SRR14722229_concoct_bin.24.fa,/hps/nobackup/rdf/metagenomics/research-team/saary/pipeline/lichen/results/MAGs/raw/public_SRR14722229_concoct_bin.24.fa,25156133
public_SRR14722230_metabat2_bin.7.fa,/hps/nobackup/rdf/metagenomics/research-team/saary/pipeline/lichen/results/MAGs/raw/public_SRR14722230_metabat2_bin.7.fa,20537062
public_SRR14722231_metabat2_bin.5.fa,/hps/nobackup/rdf/metagenomics/research-team/saary/pipeline/lichen/results/MAGs/raw/public_SRR14722231_metabat2_bin.5.fa,25103968
public_SRR14722232_concoct_bin.14.fa,/hps/nobackup/rdf/metagenomics/research-team/saary/pipeline/lichen/results/MAGs/raw/public_SRR14722232_concoct_bin.14.fa,23206127
public_SRR14722233_metabat2_bin.15.fa,/hps/nobackup/rdf/metagenomics/research-team/saary/pipeline/lichen/results/MAGs/raw/public_SRR14722233_metabat2_bin.15.fa,24194649
public_SRR14722251_metabat2_bin.1.fa,/hps/nobackup/rdf/metagenomics/research-team/saary/pipeline/lichen/results/MAGs/raw/public_SRR14722251_metabat2_bin.1.fa,23335315
public_SRR14722272_metabat2_bin.6.fa,/hps/nobackup/rdf/metagenomics/research-team/saary/pipeline/lichen/results/MAGs/raw/public_SRR14722272_metabat2_bin.6.fa,29305370
public_SRR14722274_metabat2_bin.2.fa,/hps/nobackup/rdf/metagenomics/research-team/saary/pipeline/lichen/results/MAGs/raw/public_SRR14722274_metabat2_bin.2.fa,22070204
public_SRR14722275_concoct_merged.0.fa,/hps/nobackup/rdf/metagenomics/research-team/saary/pipeline/lichen/results/MAGs/raw/public_SRR14722275_concoct_merged.0.fa,27620207
public_SRR14722277_metabat2_bin.3.fa,/hps/nobackup/rdf/metagenomics/research-team/saary/pipeline/lichen/results/MAGs/raw/public_SRR14722277_metabat2_bin.3.fa,27964805
public_SRR14722278_concoct_bin.6.fa,/hps/nobackup/rdf/metagenomics/research-team/saary/pipeline/lichen/results/MAGs/raw/public_SRR14722278_concoct_bin.6.fa,28696751
public_SRR14722279_metabat2_bin.4.fa,/hps/nobackup/rdf/metagenomics/research-team/saary/pipeline/lichen/results/MAGs/raw/public_SRR14722279_metabat2_bin.4.fa,27033343
public_SRR14722280_metabat2_bin.4.fa,/hps/nobackup/rdf/metagenomics/research-team/saary/pipeline/lichen/results/MAGs/raw/public_SRR14722280_metabat2_bin.4.fa,28541616
public_SRR14722281_metabat2_bin.1.fa,/hps/nobackup/rdf/metagenomics/research-team/saary/pipeline/lichen/results/MAGs/raw/public_SRR14722281_metabat2_bin.1.fa,27227520
public_SRR14722288_metabat2_bin.3.fa,/hps/nobackup/rdf/metagenomics/research-team/saary/pipeline/lichen/results/MAGs/raw/public_SRR14722288_metabat2_bin.3.fa,31578379
public_SRR14722289_concoct_bin.0.fa,/hps/nobackup/rdf/metagenomics/research-team/saary/pipeline/lichen/results/MAGs/raw/public_SRR14722289_concoct_bin.0.fa,32608811
public_SRR14722290_metabat2_bin.4.fa,/hps/nobackup/rdf/metagenomics/research-team/saary/pipeline/lichen/results/MAGs/raw/public_SRR14722290_metabat2_bin.4.fa,28614552
public_SRR14722291_concoct_bin.3.fa,/hps/nobackup/rdf/metagenomics/research-team/saary/pipeline/lichen/results/MAGs/raw/public_SRR14722291_concoct_bin.3.fa,33607426
public_SRR14722292_metabat2_bin.5.fa,/hps/nobackup/rdf/metagenomics/research-team/saary/pipeline/lichen/results/MAGs/raw/public_SRR14722292_metabat2_bin.5.fa,29337773
public_SRR14722293_concoct_bin.15.fa,/hps/nobackup/rdf/metagenomics/research-team/saary/pipeline/lichen/results/MAGs/raw/public_SRR14722293_concoct_bin.15.fa,27256336
public_SRR14722294_metabat2_bin.7.fa,/hps/nobackup/rdf/metagenomics/research-team/saary/pipeline/lichen/results/MAGs/raw/public_SRR14722294_metabat2_bin.7.fa,29218708
public_SRR14722296_metabat2_bin.7.fa,/hps/nobackup/rdf/metagenomics/research-team/saary/pipeline/lichen/results/MAGs/raw/public_SRR14722296_metabat2_bin.7.fa,25827061
public_SRR14722298_metabat2_bin.8.fa,/hps/nobackup/rdf/metagenomics/research-team/saary/pipeline/lichen/results/MAGs/raw/public_SRR14722298_metabat2_bin.8.fa,28756496
public_SRR14722299_metabat2_bin.9.fa,/hps/nobackup/rdf/metagenomics/research-team/saary/pipeline/lichen/results/MAGs/raw/public_SRR14722299_metabat2_bin.9.fa,29905000
public_SRR14722300_metabat2_bin.4.fa,/hps/nobackup/rdf/metagenomics/research-team/saary/pipeline/lichen/results/MAGs/raw/public_SRR14722300_metabat2_bin.4.fa,32449567
public_SRR14722301_metabat2_bin.5.fa,/hps/nobackup/rdf/metagenomics/research-team/saary/pipeline/lichen/results/MAGs/raw/public_SRR14722301_metabat2_bin.5.fa,26693721
public_SRR14722302_concoct_merged.0.fa,/hps/nobackup/rdf/metagenomics/research-team/saary/pipeline/lichen/results/MAGs/raw/public_SRR14722302_concoct_merged.0.fa,29999525
public_SRR14722303_metabat2_bin.3.fa,/hps/nobackup/rdf/metagenomics/research-team/saary/pipeline/lichen/results/MAGs/raw/public_SRR14722303_metabat2_bin.3.fa,24893398
public_SRR14722304_metabat2_bin.6.fa,/hps/nobackup/rdf/metagenomics/research-team/saary/pipeline/lichen/results/MAGs/raw/public_SRR14722304_metabat2_bin.6.fa,28412263
public_SRR14722305_metabat2_bin.2.fa,/hps/nobackup/rdf/metagenomics/research-team/saary/pipeline/lichen/results/MAGs/raw/public_SRR14722305_metabat2_bin.2.fa,30013823
public_SRR14722307_metabat2_bin.5.fa,/hps/nobackup/rdf/metagenomics/research-team/saary/pipeline/lichen/results/MAGs/raw/public_SRR14722307_metabat2_bin.5.fa,21218329
public_SRR14722308_metabat2_bin.6.fa,/hps/nobackup/rdf/metagenomics/research-team/saary/pipeline/lichen/results/MAGs/raw/public_SRR14722308_metabat2_bin.6.fa,24619376
public_SRR14722309_metabat2_bin.1.fa,/hps/nobackup/rdf/metagenomics/research-team/saary/pipeline/lichen/results/MAGs/raw/public_SRR14722309_metabat2_bin.1.fa,28003477
public_SRR14722310_metabat2_bin.3.fa,/hps/nobackup/rdf/metagenomics/research-team/saary/pipeline/lichen/results/MAGs/raw/public_SRR14722310_metabat2_bin.3.fa,31840281
public_SRR14722311_concoct_merged.0.fa,/hps/nobackup/rdf/metagenomics/research-team/saary/pipeline/lichen/results/MAGs/raw/public_SRR14722311_concoct_merged.0.fa,30111423
public_SRR14722312_concoct_bin.10.fa,/hps/nobackup/rdf/metagenomics/research-team/saary/pipeline/lichen/results/MAGs/raw/public_SRR14722312_concoct_bin.10.fa,22566314
public_SRR14722313_metabat2_bin.4.fa,/hps/nobackup/rdf/metagenomics/research-team/saary/pipeline/lichen/results/MAGs/raw/public_SRR14722313_metabat2_bin.4.fa,28706674
public_SRR14722316_metabat2_bin.4.fa,/hps/nobackup/rdf/metagenomics/research-team/saary/pipeline/lichen/results/MAGs/raw/public_SRR14722316_metabat2_bin.4.fa,29735595
public_SRR14722318_metabat2_bin.2.fa,/hps/nobackup/rdf/metagenomics/research-team/saary/pipeline/lichen/results/MAGs/raw/public_SRR14722318_metabat2_bin.2.fa,22746770
public_SRR14722319_metabat2_bin.1.fa,/hps/nobackup/rdf/metagenomics/research-team/saary/pipeline/lichen/results/MAGs/raw/public_SRR14722319_metabat2_bin.1.fa,28393906
public_SRR14722320_concoct_bin.17.fa,/hps/nobackup/rdf/metagenomics/research-team/saary/pipeline/lichen/results/MAGs/raw/public_SRR14722320_concoct_bin.17.fa,18489579
public_SRR14722323_concoct_merged.0.fa,/hps/nobackup/rdf/metagenomics/research-team/saary/pipeline/lichen/results/MAGs/raw/public_SRR14722323_concoct_merged.0.fa,29408163
public_SRR14722324_concoct_bin.1.fa,/hps/nobackup/rdf/metagenomics/research-team/saary/pipeline/lichen/results/MAGs/raw/public_SRR14722324_concoct_bin.1.fa,22416086
public_SRR14722325_metabat2_bin.1.fa,/hps/nobackup/rdf/metagenomics/research-team/saary/pipeline/lichen/results/MAGs/raw/public_SRR14722325_metabat2_bin.1.fa,30316057
public_SRR14722326_metabat2_bin.1.fa,/hps/nobackup/rdf/metagenomics/research-team/saary/pipeline/lichen/results/MAGs/raw/public_SRR14722326_metabat2_bin.1.fa,33950087
public_SRR14722327_concoct_bin.11.fa,/hps/nobackup/rdf/metagenomics/research-team/saary/pipeline/lichen/results/MAGs/raw/public_SRR14722327_concoct_bin.11.fa,20183082
public_SRR14722329_metabat2_bin.1.fa,/hps/nobackup/rdf/metagenomics/research-team/saary/pipeline/lichen/results/MAGs/raw/public_SRR14722329_metabat2_bin.1.fa,31925147
public_SRR14722330_concoct_merged.0.fa,/hps/nobackup/rdf/metagenomics/research-team/saary/pipeline/lichen/results/MAGs/raw/public_SRR14722330_concoct_merged.0.fa,34269597
public_SRR11456918_metabat2_merged.0.fa,/hps/nobackup/rdf/metagenomics/research-team/saary/pipeline/lichen/results/MAGs/raw/public_SRR11456918_metabat2_merged.0.fa,73926494
public_SRR11456922_metabat2_merged.1.fa,/hps/nobackup/rdf/metagenomics/research-team/saary/pipeline/lichen/results/MAGs/raw/public_SRR11456922_metabat2_merged.1.fa,122748735
public_SRR11456923_metabat2_merged.0.fa,/hps/nobackup/rdf/metagenomics/research-team/saary/pipeline/lichen/results/MAGs/raw/public_SRR11456923_metabat2_merged.0.fa,130535317
public_SRR12240175_concoct_merged.0.fa,/hps/nobackup/rdf/metagenomics/research-team/saary/pipeline/lichen/results/MAGs/raw/public_SRR12240175_concoct_merged.0.fa,33872195
public_SRR12240177_metabat2_bin.4.fa,/hps/nobackup/rdf/metagenomics/research-team/saary/pipeline/lichen/results/MAGs/raw/public_SRR12240177_metabat2_bin.4.fa,29889360
public_SRR12240178_metabat2_bin.6.fa,/hps/nobackup/rdf/metagenomics/research-team/saary/pipeline/lichen/results/MAGs/raw/public_SRR12240178_metabat2_bin.6.fa,29901407
public_SRR12240179_concoct_bin.1.fa,/hps/nobackup/rdf/metagenomics/research-team/saary/pipeline/lichen/results/MAGs/raw/public_SRR12240179_concoct_bin.1.fa,29959457
public_SRR12240181_metabat2_bin.5.fa,/hps/nobackup/rdf/metagenomics/research-team/saary/pipeline/lichen/results/MAGs/raw/public_SRR12240181_metabat2_bin.5.fa,33269822
public_SRR12240184_concoct_bin.17.fa,/hps/nobackup/rdf/metagenomics/research-team/saary/pipeline/lichen/results/MAGs/raw/public_SRR12240184_concoct_bin.17.fa,26941752
public_SRR12240187_metabat2_bin.8.fa,/hps/nobackup/rdf/metagenomics/research-team/saary/pipeline/lichen/results/MAGs/raw/public_SRR12240187_metabat2_bin.8.fa,31191156
public_SRR12240188_concoct_bin.1.fa,/hps/nobackup/rdf/metagenomics/research-team/saary/pipeline/lichen/results/MAGs/raw/public_SRR12240188_concoct_bin.1.fa,32470444
public_SRR13167197_metabat2_bin.1.fa,/hps/nobackup/rdf/metagenomics/research-team/saary/pipeline/lichen/results/MAGs/raw/public_SRR13167197_metabat2_bin.1.fa,29481857
public_SRR13126859_metabat2_bin.7.fa,/hps/nobackup/rdf/metagenomics/research-team/saary/pipeline/lichen/results/MAGs/raw/public_SRR13126859_metabat2_bin.7.fa,29552732
public_SRR13126828_metabat2_bin.1.fa,/hps/nobackup/rdf/metagenomics/research-team/saary/pipeline/lichen/results/MAGs/raw/public_SRR13126828_metabat2_bin.1.fa,30836724
public_SRR13126796_metabat2_bin.1.fa,/hps/nobackup/rdf/metagenomics/research-team/saary/pipeline/lichen/results/MAGs/raw/public_SRR13126796_metabat2_bin.1.fa,29520253
public_SRR13126647_concoct_merged.0.fa,/hps/nobackup/rdf/metagenomics/research-team/saary/pipeline/lichen/results/MAGs/raw/public_SRR13126647_concoct_merged.0.fa,26256202
public_SRR13125985_concoct_bin.8.fa,/hps/nobackup/rdf/metagenomics/research-team/saary/pipeline/lichen/results/MAGs/raw/public_SRR13125985_concoct_bin.8.fa,24711508
public_SRR13125762_concoct_bin.37.fa,/hps/nobackup/rdf/metagenomics/research-team/saary/pipeline/lichen/results/MAGs/raw/public_SRR13125762_concoct_bin.37.fa,28326182
public_SRR13125762_concoct_merged.0.fa,/hps/nobackup/rdf/metagenomics/research-team/saary/pipeline/lichen/results/MAGs/raw/public_SRR13125762_concoct_merged.0.fa,37538871
public_SRR13125477_concoct_bin.14.fa,/hps/nobackup/rdf/metagenomics/research-team/saary/pipeline/lichen/results/MAGs/raw/public_SRR13125477_concoct_bin.14.fa,30483605
public_SRR13125477_metabat2_bin.13.fa,/hps/nobackup/rdf/metagenomics/research-team/saary/pipeline/lichen/results/MAGs/raw/public_SRR13125477_metabat2_bin.13.fa,60258601
public_ERR4179390_concoct_bin.45.fa,/hps/nobackup/rdf/metagenomics/research-team/saary/pipeline/lichen/results/MAGs/raw/public_ERR4179390_concoct_bin.45.fa,51114057
public_ERR4179390_concoct_bin.75.fa,/hps/nobackup/rdf/metagenomics/research-team/saary/pipeline/lichen/results/MAGs/raw/public_ERR4179390_concoct_bin.75.fa,39633693
public_ERR4179390_metabat2_bin.28.fa,/hps/nobackup/rdf/metagenomics/research-team/saary/pipeline/lichen/results/MAGs/raw/public_ERR4179390_metabat2_bin.28.fa,46620885
public_ERR4179390_metabat2_bin.6.fa,/hps/nobackup/rdf/metagenomics/research-team/saary/pipeline/lichen/results/MAGs/raw/public_ERR4179390_metabat2_bin.6.fa,18482457
public_ERR4179389_metabat2_bin.32.fa,/hps/nobackup/rdf/metagenomics/research-team/saary/pipeline/lichen/results/MAGs/raw/public_ERR4179389_metabat2_bin.32.fa,21884073
public_SRR2387885_metabat2_bin.15.fa,/hps/nobackup/rdf/metagenomics/research-team/saary/pipeline/lichen/results/MAGs/raw/public_SRR2387885_metabat2_bin.15.fa,23971264
public_SRR2387885_metabat2_bin.2.fa,/hps/nobackup/rdf/metagenomics/research-team/saary/pipeline/lichen/results/MAGs/raw/public_SRR2387885_metabat2_bin.2.fa,52878094
public_SRR1532736_concoct_bin.13.fa,/hps/nobackup/rdf/metagenomics/research-team/saary/pipeline/lichen/results/MAGs/raw/public_SRR1532736_concoct_bin.13.fa,24935311
public_SRR1532736_concoct_bin.20.fa,/hps/nobackup/rdf/metagenomics/research-team/saary/pipeline/lichen/results/MAGs/raw/public_SRR1532736_concoct_bin.20.fa,35234345
public_SRR1531569_concoct_bin.26.fa,/hps/nobackup/rdf/metagenomics/research-team/saary/pipeline/lichen/results/MAGs/raw/public_SRR1531569_concoct_bin.26.fa,22991615
public_SRR1531545_concoct_bin.10.fa,/hps/nobackup/rdf/metagenomics/research-team/saary/pipeline/lichen/results/MAGs/raw/public_SRR1531545_concoct_bin.10.fa,29584455
public_SRR1531517_concoct_bin.16.fa,/hps/nobackup/rdf/metagenomics/research-team/saary/pipeline/lichen/results/MAGs/raw/public_SRR1531517_concoct_bin.16.fa,33745127
private_GTX0158_concoct_bin.31.fa,/hps/nobackup/rdf/metagenomics/research-team/saary/pipeline/lichen/results/MAGs/raw/private_GTX0158_concoct_bin.31.fa,23838662
private_GTX0161_concoct_bin.0.fa,/hps/nobackup/rdf/metagenomics/research-team/saary/pipeline/lichen/results/MAGs/raw/private_GTX0161_concoct_bin.0.fa,57477754
private_GTX0161_concoct_merged.0.fa,/hps/nobackup/rdf/metagenomics/research-team/saary/pipeline/lichen/results/MAGs/raw/private_GTX0161_concoct_merged.0.fa,57027747
private_GTX0163_concoct_bin.14.fa,/hps/nobackup/rdf/metagenomics/research-team/saary/pipeline/lichen/results/MAGs/raw/private_GTX0163_concoct_bin.14.fa,32085414
private_GTX0163_concoct_bin.46.fa,/hps/nobackup/rdf/metagenomics/research-team/saary/pipeline/lichen/results/MAGs/raw/private_GTX0163_concoct_bin.46.fa,58699984
private_T1867_concoct_bin.8.fa,/hps/nobackup/rdf/metagenomics/research-team/saary/pipeline/lichen/results/MAGs/raw/private_T1867_concoct_bin.8.fa,24754787
private_T1867_metabat2_bin.4.fa,/hps/nobackup/rdf/metagenomics/research-team/saary/pipeline/lichen/results/MAGs/raw/private_T1867_metabat2_bin.4.fa,42078767
private_T1868_concoct_bin.12.fa,/hps/nobackup/rdf/metagenomics/research-team/saary/pipeline/lichen/results/MAGs/raw/private_T1868_concoct_bin.12.fa,23887801
private_T1881_metabat2_bin.1.fa,/hps/nobackup/rdf/metagenomics/research-team/saary/pipeline/lichen/results/MAGs/raw/private_T1881_metabat2_bin.1.fa,42807559
private_T1881_metabat2_bin.5.fa,/hps/nobackup/rdf/metagenomics/research-team/saary/pipeline/lichen/results/MAGs/raw/private_T1881_metabat2_bin.5.fa,22810638
private_T1882_concoct_bin.24.fa,/hps/nobackup/rdf/metagenomics/research-team/saary/pipeline/lichen/results/MAGs/raw/private_T1882_concoct_bin.24.fa,23645587
private_T1882_metabat2_merged.0.fa,/hps/nobackup/rdf/metagenomics/research-team/saary/pipeline/lichen/results/MAGs/raw/private_T1882_metabat2_merged.0.fa,62479348
private_T1887_metabat2_bin.36.fa,/hps/nobackup/rdf/metagenomics/research-team/saary/pipeline/lichen/results/MAGs/raw/private_T1887_metabat2_bin.36.fa,24064483
private_T1888_metabat2_bin.51.fa,/hps/nobackup/rdf/metagenomics/research-team/saary/pipeline/lichen/results/MAGs/raw/private_T1888_metabat2_bin.51.fa,25635390
private_T1888_metabat2_bin.52.fa,/hps/nobackup/rdf/metagenomics/research-team/saary/pipeline/lichen/results/MAGs/raw/private_T1888_metabat2_bin.52.fa,29924716
private_T1889_concoct_bin.13.fa,/hps/nobackup/rdf/metagenomics/research-team/saary/pipeline/lichen/results/MAGs/raw/private_T1889_concoct_bin.13.fa,24831450
private_T1889_concoct_bin.16.fa,/hps/nobackup/rdf/metagenomics/research-team/saary/pipeline/lichen/results/MAGs/raw/private_T1889_concoct_bin.16.fa,40608534
private_T1889_concoct_merged.0.fa,/hps/nobackup/rdf/metagenomics/research-team/saary/pipeline/lichen/results/MAGs/raw/private_T1889_concoct_merged.0.fa,52390134
private_T1894_concoct_bin.66.fa,/hps/nobackup/rdf/metagenomics/research-team/saary/pipeline/lichen/results/MAGs/raw/private_T1894_concoct_bin.66.fa,44449598
private_T1894_metabat2_bin.4.fa,/hps/nobackup/rdf/metagenomics/research-team/saary/pipeline/lichen/results/MAGs/raw/private_T1894_metabat2_bin.4.fa,22054922
private_T1904_concoct_bin.11.fa,/hps/nobackup/rdf/metagenomics/research-team/saary/pipeline/lichen/results/MAGs/raw/private_T1904_concoct_bin.11.fa,26722152
private_T1904_concoct_bin.38.fa,/hps/nobackup/rdf/metagenomics/research-team/saary/pipeline/lichen/results/MAGs/raw/private_T1904_concoct_bin.38.fa,60571648
private_T1904_metabat2_bin.21.fa,/hps/nobackup/rdf/metagenomics/research-team/saary/pipeline/lichen/results/MAGs/raw/private_T1904_metabat2_bin.21.fa,26273779
private_T1912_concoct_bin.0.fa,/hps/nobackup/rdf/metagenomics/research-team/saary/pipeline/lichen/results/MAGs/raw/private_T1912_concoct_bin.0.fa,55932432
private_T1912_concoct_bin.14.fa,/hps/nobackup/rdf/metagenomics/research-team/saary/pipeline/lichen/results/MAGs/raw/private_T1912_concoct_bin.14.fa,30118458
private_T1914_concoct_bin.18.fa,/hps/nobackup/rdf/metagenomics/research-team/saary/pipeline/lichen/results/MAGs/raw/private_T1914_concoct_bin.18.fa,62847652
private_T1914_concoct_bin.19.fa,/hps/nobackup/rdf/metagenomics/research-team/saary/pipeline/lichen/results/MAGs/raw/private_T1914_concoct_bin.19.fa,27996602
private_T1914_metabat2_bin.5.fa,/hps/nobackup/rdf/metagenomics/research-team/saary/pipeline/lichen/results/MAGs/raw/private_T1914_metabat2_bin.5.fa,38065376
private_T1916_concoct_bin.29.fa,/hps/nobackup/rdf/metagenomics/research-team/saary/pipeline/lichen/results/MAGs/raw/private_T1916_concoct_bin.29.fa,34960352
private_TS1974_concoct_bin.10.fa,/hps/nobackup/rdf/metagenomics/research-team/saary/pipeline/lichen/results/MAGs/raw/private_TS1974_concoct_bin.10.fa,33623393
private_TS1974_concoct_bin.29.fa,/hps/nobackup/rdf/metagenomics/research-team/saary/pipeline/lichen/results/MAGs/raw/private_TS1974_concoct_bin.29.fa,57915726
private_X12_concoct_bin.4.fa,/hps/nobackup/rdf/metagenomics/research-team/saary/pipeline/lichen/results/MAGs/raw/private_X12_concoct_bin.4.fa,31580949
private_X13_concoct_bin.5.fa,/hps/nobackup/rdf/metagenomics/research-team/saary/pipeline/lichen/results/MAGs/raw/private_X13_concoct_bin.5.fa,23711382
private_X15_concoct_bin.2.fa,/hps/nobackup/rdf/metagenomics/research-team/saary/pipeline/lichen/results/MAGs/raw/private_X15_concoct_bin.2.fa,21148796
private_VT2_concoct_bin.17.fa,/hps/nobackup/rdf/metagenomics/research-team/saary/pipeline/lichen/results/MAGs/raw/private_VT2_concoct_bin.17.fa,38832912
private_VT1_metabat2_bin.10.fa,/hps/nobackup/rdf/metagenomics/research-team/saary/pipeline/lichen/results/MAGs/raw/private_VT1_metabat2_bin.10.fa,32712560
private_VT12_concoct_bin.10.fa,/hps/nobackup/rdf/metagenomics/research-team/saary/pipeline/lichen/results/MAGs/raw/private_VT12_concoct_bin.10.fa,35490453
private_VT15_metabat2_bin.1.fa,/hps/nobackup/rdf/metagenomics/research-team/saary/pipeline/lichen/results/MAGs/raw/private_VT15_metabat2_bin.1.fa,38001697
private_VT16_concoct_bin.11.fa,/hps/nobackup/rdf/metagenomics/research-team/saary/pipeline/lichen/results/MAGs/raw/private_VT16_concoct_bin.11.fa,35374370
private_VT19_concoct_bin.7.fa,/hps/nobackup/rdf/metagenomics/research-team/saary/pipeline/lichen/results/MAGs/raw/private_VT19_concoct_bin.7.fa,40208408
private_VT22_concoct_bin.7.fa,/hps/nobackup/rdf/metagenomics/research-team/saary/pipeline/lichen/results/MAGs/raw/private_VT22_concoct_bin.7.fa,28225289
private_VT26_concoct_bin.9.fa,/hps/nobackup/rdf/metagenomics/research-team/saary/pipeline/lichen/results/MAGs/raw/private_VT26_concoct_bin.9.fa,34129889
private_VT31_metabat2_bin.4.fa,/hps/nobackup/rdf/metagenomics/research-team/saary/pipeline/lichen/results/MAGs/raw/private_VT31_metabat2_bin.4.fa,35051463
private_VT33_concoct_bin.0.fa,/hps/nobackup/rdf/metagenomics/research-team/saary/pipeline/lichen/results/MAGs/raw/private_VT33_concoct_bin.0.fa,36233533
private_VT34_metabat2_bin.11.fa,/hps/nobackup/rdf/metagenomics/research-team/saary/pipeline/lichen/results/MAGs/raw/private_VT34_metabat2_bin.11.fa,23060245
private_VT38_concoct_bin.3.fa,/hps/nobackup/rdf/metagenomics/research-team/saary/pipeline/lichen/results/MAGs/raw/private_VT38_concoct_bin.3.fa,25667219
private_VT38_concoct_bin.4.fa,/hps/nobackup/rdf/metagenomics/research-team/saary/pipeline/lichen/results/MAGs/raw/private_VT38_concoct_bin.4.fa,61746959
private_X1_concoct_bin.0.fa,/hps/nobackup/rdf/metagenomics/research-team/saary/pipeline/lichen/results/MAGs/raw/private_X1_concoct_bin.0.fa,16642605
private_X1_concoct_bin.13.fa,/hps/nobackup/rdf/metagenomics/research-team/saary/pipeline/lichen/results/MAGs/raw/private_X1_concoct_bin.13.fa,34883038
private_X1_metabat2_bin.11.fa,/hps/nobackup/rdf/metagenomics/research-team/saary/pipeline/lichen/results/MAGs/raw/private_X1_metabat2_bin.11.fa,59375272
private_X10_concoct_bin.0.fa,/hps/nobackup/rdf/metagenomics/research-team/saary/pipeline/lichen/results/MAGs/raw/private_X10_concoct_bin.0.fa,31690061
private_X10_concoct_bin.7.fa,/hps/nobackup/rdf/metagenomics/research-team/saary/pipeline/lichen/results/MAGs/raw/private_X10_concoct_bin.7.fa,61204277
private_X11_concoct_bin.15.fa,/hps/nobackup/rdf/metagenomics/research-team/saary/pipeline/lichen/results/MAGs/raw/private_X11_concoct_bin.15.fa,59630297
private_X11_metabat2_bin.10.fa,/hps/nobackup/rdf/metagenomics/research-team/saary/pipeline/lichen/results/MAGs/raw/private_X11_metabat2_bin.10.fa,24878815
private_X14_concoct_bin.2.fa,/hps/nobackup/rdf/metagenomics/research-team/saary/pipeline/lichen/results/MAGs/raw/private_X14_concoct_bin.2.fa,35839814
private_X16_concoct_bin.2.fa,/hps/nobackup/rdf/metagenomics/research-team/saary/pipeline/lichen/results/MAGs/raw/private_X16_concoct_bin.2.fa,24447381
private_X2_concoct_bin.0.fa,/hps/nobackup/rdf/metagenomics/research-team/saary/pipeline/lichen/results/MAGs/raw/private_X2_concoct_bin.0.fa,36596510
private_X2_concoct_bin.1.fa,/hps/nobackup/rdf/metagenomics/research-team/saary/pipeline/lichen/results/MAGs/raw/private_X2_concoct_bin.1.fa,67285532
private_X3_concoct_bin.10.fa,/hps/nobackup/rdf/metagenomics/research-team/saary/pipeline/lichen/results/MAGs/raw/private_X3_concoct_bin.10.fa,32638814
private_X4_concoct_bin.17.fa,/hps/nobackup/rdf/metagenomics/research-team/saary/pipeline/lichen/results/MAGs/raw/private_X4_concoct_bin.17.fa,26109501
private_X5_concoct_bin.21.fa,/hps/nobackup/rdf/metagenomics/research-team/saary/pipeline/lichen/results/MAGs/raw/private_X5_concoct_bin.21.fa,25436447
private_X7_concoct_bin.1.fa,/hps/nobackup/rdf/metagenomics/research-team/saary/pipeline/lichen/results/MAGs/raw/private_X7_concoct_bin.1.fa,35270049
private_X7_metabat2_bin.4.fa,/hps/nobackup/rdf/metagenomics/research-team/saary/pipeline/lichen/results/MAGs/raw/private_X7_metabat2_bin.4.fa,58806478
private_X8_concoct_bin.23.fa,/hps/nobackup/rdf/metagenomics/research-team/saary/pipeline/lichen/results/MAGs/raw/private_X8_concoct_bin.23.fa,26420366
private_X8_metabat2_bin.7.fa,/hps/nobackup/rdf/metagenomics/research-team/saary/pipeline/lichen/results/MAGs/raw/private_X8_metabat2_bin.7.fa,15245811
private_X9_concoct_bin.20.fa,/hps/nobackup/rdf/metagenomics/research-team/saary/pipeline/lichen/results/MAGs/raw/private_X9_concoct_bin.20.fa,33069491
