genome,secondary_cluster,threshold,cluster_method,comparison_algorithm,primary_cluster
public_SRR14721953_concoct_bin.46.fa,1_0,0.050000000000000044,average,ANImf,1
public_SRR14722062_metabat2_bin.2.fa,2_0,0.050000000000000044,average,ANImf,2
public_SRR14721957_metabat2_bin.1.fa,3_0,0.050000000000000044,average,ANImf,3
public_SRR14722213_metabat2_bin.1.fa,4_0,0.050000000000000044,average,ANImf,4
public_SRR7232212_concoct_bin.5.fa,5_1,0.050000000000000044,average,ANImf,5
public_SRR7232214_concoct_bin.7.fa,5_1,0.050000000000000044,average,ANImf,5
private_X1_concoct_bin.0.fa,6_0,0.050000000000000044,average,ANImf,6
public_ERR4179390_metabat2_bin.6.fa,7_0,0.050000000000000044,average,ANImf,7
public_SRR14721962_metabat2_bin.6.fa,8_1,0.050000000000000044,average,ANImf,8
public_SRR14722031_metabat2_bin.3.fa,8_2,0.050000000000000044,average,ANImf,8
private_X8_concoct_bin.23.fa,8_3,0.050000000000000044,average,ANImf,8
public_SRR14722003_metabat2_bin.1.fa,8_4,0.050000000000000044,average,ANImf,8
private_X11_metabat2_bin.10.fa,8_5,0.050000000000000044,average,ANImf,8
public_SRR14721982_metabat2_bin.3.fa,9_0,0.050000000000000044,average,ANImf,9
public_SRR14721932_concoct_bin.34.fa,10_1,0.050000000000000044,average,ANImf,10
public_SRR14722323_concoct_merged.0.fa,10_2,0.050000000000000044,average,ANImf,10
private_T1916_concoct_bin.29.fa,11_0,0.050000000000000044,average,ANImf,11
public_SRR14721966_metabat2_bin.6.fa,12_0,0.050000000000000044,average,ANImf,12
public_SRR14721971_concoct_merged.0.fa,13_0,0.050000000000000044,average,ANImf,13
public_SRR14721923_metabat2_bin.2.fa,14_1,0.050000000000000044,average,ANImf,14
public_SRR14722131_metabat2_bin.1.fa,14_1,0.050000000000000044,average,ANImf,14
public_SRR14721946_metabat2_bin.2.fa,15_0,0.050000000000000044,average,ANImf,15
public_SRR14721970_metabat2_bin.1.fa,16_0,0.050000000000000044,average,ANImf,16
private_VT34_metabat2_bin.11.fa,17_0,0.050000000000000044,average,ANImf,17
private_X15_concoct_bin.2.fa,18_0,0.050000000000000044,average,ANImf,18
public_SRR14721983_metabat2_bin.1.fa,19_0,0.050000000000000044,average,ANImf,19
public_SRR14722012_metabat2_bin.2.fa,20_0,0.050000000000000044,average,ANImf,20
public_SRR14722327_concoct_bin.11.fa,21_0,0.050000000000000044,average,ANImf,21
public_SRR14721978_concoct_merged.0.fa,22_0,0.050000000000000044,average,ANImf,22
public_SRR14722313_metabat2_bin.4.fa,23_0,0.050000000000000044,average,ANImf,23
public_SRR14722043_metabat2_bin.3.fa,24_0,0.050000000000000044,average,ANImf,24
public_SRR14722083_concoct_bin.1.fa,25_0,0.050000000000000044,average,ANImf,25
public_SRR14722233_metabat2_bin.15.fa,26_0,0.050000000000000044,average,ANImf,26
private_T1914_concoct_bin.19.fa,27_0,0.050000000000000044,average,ANImf,27
public_SRR14722135_metabat2_bin.8.fa,28_0,0.050000000000000044,average,ANImf,28
public_SRR14722032_metabat2_bin.2.fa,29_1,0.050000000000000044,average,ANImf,29
public_SRR14722186_metabat2_bin.3.fa,29_1,0.050000000000000044,average,ANImf,29
private_T1912_concoct_bin.14.fa,29_2,0.050000000000000044,average,ANImf,29
public_SRR14722109_metabat2_bin.1.fa,30_0,0.050000000000000044,average,ANImf,30
public_SRR14721995_metabat2_bin.4.fa,31_0,0.050000000000000044,average,ANImf,31
public_SRR14721999_concoct_bin.2.fa,32_0,0.050000000000000044,average,ANImf,32
public_SRR14722159_metabat2_bin.7.fa,33_0,0.050000000000000044,average,ANImf,33
public_SRR14721944_concoct_merged.0.fa,34_0,0.050000000000000044,average,ANImf,34
public_SRR14722188_metabat2_bin.28.fa,35_0,0.050000000000000044,average,ANImf,35
private_X8_metabat2_bin.7.fa,36_0,0.050000000000000044,average,ANImf,36
public_SRR14721980_metabat2_bin.4.fa,37_0,0.050000000000000044,average,ANImf,37
public_SRR14722147_concoct_bin.2.fa,38_0,0.050000000000000044,average,ANImf,38
public_SRR14722147_metabat2_bin.1.fa,39_0,0.050000000000000044,average,ANImf,39
public_SRR14722307_metabat2_bin.5.fa,40_0,0.050000000000000044,average,ANImf,40
public_SRR14722123_concoct_merged.0.fa,41_0,0.050000000000000044,average,ANImf,41
public_SRR14722230_metabat2_bin.7.fa,42_0,0.050000000000000044,average,ANImf,42
public_SRR14721959_metabat2_bin.2.fa,43_1,0.050000000000000044,average,ANImf,43
public_SRR14722098_metabat2_bin.9.fa,43_2,0.050000000000000044,average,ANImf,43
public_SRR14722046_concoct_bin.7.fa,44_1,0.050000000000000044,average,ANImf,44
public_SRR14722165_concoct_bin.25.fa,44_2,0.050000000000000044,average,ANImf,44
public_SRR14722013_metabat2_bin.2.fa,45_0,0.050000000000000044,average,ANImf,45
public_SRR14722177_concoct_bin.11.fa,46_0,0.050000000000000044,average,ANImf,46
public_SRR14722177_concoct_merged.0.fa,47_0,0.050000000000000044,average,ANImf,47
public_SRR14722185_metabat2_bin.2.fa,48_0,0.050000000000000044,average,ANImf,48
private_T1867_concoct_bin.8.fa,49_1,0.050000000000000044,average,ANImf,49
public_SRR14722188_metabat2_bin.25.fa,49_2,0.050000000000000044,average,ANImf,49
private_T1889_concoct_bin.13.fa,49_3,0.050000000000000044,average,ANImf,49
public_SRR14722051_metabat2_bin.4.fa,50_0,0.050000000000000044,average,ANImf,50
public_ERR4179390_metabat2_bin.28.fa,51_1,0.050000000000000044,average,ANImf,51
public_SRR14722019_concoct_merged.0.fa,51_2,0.050000000000000044,average,ANImf,51
public_SRR14722112_metabat2_bin.8.fa,52_0,0.050000000000000044,average,ANImf,52
public_SRR14722113_metabat2_bin.5.fa,53_1,0.050000000000000044,average,ANImf,53
public_SRR14722175_metabat2_bin.4.fa,53_1,0.050000000000000044,average,ANImf,53
public_SRR14722130_metabat2_bin.11.fa,54_0,0.050000000000000044,average,ANImf,54
public_SRR14722154_concoct_bin.10.fa,55_0,0.050000000000000044,average,ANImf,55
private_T1888_metabat2_bin.52.fa,56_1,0.050000000000000044,average,ANImf,56
private_T1904_concoct_bin.11.fa,56_2,0.050000000000000044,average,ANImf,56
public_SRR14722165_concoct_bin.24.fa,57_0,0.050000000000000044,average,ANImf,57
public_SRR14721968_concoct_bin.6.fa,58_0,0.050000000000000044,average,ANImf,58
public_SRR14722176_concoct_bin.30.fa,59_0,0.050000000000000044,average,ANImf,59
public_SRR14721937_metabat2_bin.4.fa,60_1,0.050000000000000044,average,ANImf,60
public_SRR14721961_concoct_bin.1.fa,60_1,0.050000000000000044,average,ANImf,60
public_SRR14722308_metabat2_bin.6.fa,61_0,0.050000000000000044,average,ANImf,61
public_SRR12240185_concoct_bin.1.fa,62_0,0.050000000000000044,average,ANImf,62
public_SRR14721991_concoct_merged.0.fa,63_0,0.050000000000000044,average,ANImf,63
public_SRR13685140_metabat2_bin.1.fa,64_0,0.050000000000000044,average,ANImf,64
public_SRR14722176_metabat2_bin.14.fa,65_1,0.050000000000000044,average,ANImf,65
public_SRR14722188_concoct_bin.0.fa,65_1,0.050000000000000044,average,ANImf,65
public_SRR14721931_concoct_merged.0.fa,66_1,0.050000000000000044,average,ANImf,66
public_SRR14722054_metabat2_bin.5.fa,66_1,0.050000000000000044,average,ANImf,66
public_SRR12240182_metabat2_bin.7.fa,66_2,0.050000000000000044,average,ANImf,66
public_SRR14722141_concoct_bin.2.fa,66_3,0.050000000000000044,average,ANImf,66
public_SRR14722036_metabat2_bin.1.fa,66_4,0.050000000000000044,average,ANImf,66
public_SRR14722072_concoct_merged.0.fa,67_0,0.050000000000000044,average,ANImf,67
private_GTX0163_concoct_bin.14.fa,68_1,0.050000000000000044,average,ANImf,68
public_SRR14721925_concoct_bin.8.fa,68_1,0.050000000000000044,average,ANImf,68
public_SRR14722138_metabat2_bin.7.fa,68_1,0.050000000000000044,average,ANImf,68
public_SRR14722005_metabat2_bin.1.fa,68_2,0.050000000000000044,average,ANImf,68
public_SRR14722305_metabat2_bin.2.fa,68_3,0.050000000000000044,average,ANImf,68
public_SRR14722081_metabat2_bin.3.fa,68_4,0.050000000000000044,average,ANImf,68
public_SRR14722144_metabat2_bin.3.fa,68_4,0.050000000000000044,average,ANImf,68
public_SRR14722047_metabat2_bin.3.fa,68_5,0.050000000000000044,average,ANImf,68
public_SRR13685161_metabat2_bin.1.fa,68_6,0.050000000000000044,average,ANImf,68
public_SRR14722017_metabat2_bin.2.fa,68_6,0.050000000000000044,average,ANImf,68
public_SRR14722133_metabat2_bin.2.fa,68_7,0.050000000000000044,average,ANImf,68
public_SRR14721922_metabat2_bin.4.fa,68_8,0.050000000000000044,average,ANImf,68
public_SRR14722316_metabat2_bin.4.fa,68_9,0.050000000000000044,average,ANImf,68
public_SRR12240181_metabat2_bin.5.fa,69_1,0.050000000000000044,average,ANImf,69
public_SRR12240184_concoct_bin.17.fa,69_2,0.050000000000000044,average,ANImf,69
private_GTX0158_concoct_bin.31.fa,70_1,0.050000000000000044,average,ANImf,70
public_SRR13685154_metabat2_bin.1.fa,70_1,0.050000000000000044,average,ANImf,70
public_SRR14722181_concoct_bin.15.fa,70_2,0.050000000000000044,average,ANImf,70
private_X4_concoct_bin.17.fa,71_1,0.050000000000000044,average,ANImf,71
private_X5_concoct_bin.21.fa,71_2,0.050000000000000044,average,ANImf,71
private_T1868_concoct_bin.12.fa,72_0,0.050000000000000044,average,ANImf,72
private_X13_concoct_bin.5.fa,73_0,0.050000000000000044,average,ANImf,73
private_T1882_concoct_bin.24.fa,74_0,0.050000000000000044,average,ANImf,74
public_SRR14722090_metabat2_bin.14.fa,75_0,0.050000000000000044,average,ANImf,75
private_T1887_metabat2_bin.36.fa,76_0,0.050000000000000044,average,ANImf,76
private_T1888_metabat2_bin.51.fa,77_0,0.050000000000000044,average,ANImf,77
public_SRR14722135_concoct_merged.1.fa,78_0,0.050000000000000044,average,ANImf,78
public_SRR13685157_metabat2_bin.1.fa,79_1,0.050000000000000044,average,ANImf,79
public_SRR14721960_metabat2_bin.2.fa,79_1,0.050000000000000044,average,ANImf,79
public_SRR14721964_metabat2_bin.3.fa,80_0,0.050000000000000044,average,ANImf,80
public_SRR14722050_metabat2_bin.2.fa,81_0,0.050000000000000044,average,ANImf,81
public_SRR14722064_metabat2_bin.6.fa,82_0,0.050000000000000044,average,ANImf,82
public_SRR14722157_metabat2_bin.4.fa,83_0,0.050000000000000044,average,ANImf,83
public_SRR14722164_metabat2_bin.2.fa,84_0,0.050000000000000044,average,ANImf,84
public_SRR14721941_concoct_bin.5.fa,85_1,0.050000000000000044,average,ANImf,85
public_SRR14722049_concoct_bin.8.fa,85_2,0.050000000000000044,average,ANImf,85
public_SRR14721948_concoct_merged.0.fa,85_3,0.050000000000000044,average,ANImf,85
public_SRR14722065_metabat2_bin.6.fa,86_0,0.050000000000000044,average,ANImf,86
public_SRR14722159_metabat2_bin.8.fa,87_1,0.050000000000000044,average,ANImf,87
public_SRR14722160_concoct_bin.3.fa,87_1,0.050000000000000044,average,ANImf,87
public_SRR14722061_metabat2_bin.1.fa,88_0,0.050000000000000044,average,ANImf,88
public_SRR14722086_metabat2_bin.14.fa,89_0,0.050000000000000044,average,ANImf,89
public_SRR14721993_concoct_bin.5.fa,90_1,0.050000000000000044,average,ANImf,90
public_SRR14722303_metabat2_bin.3.fa,90_1,0.050000000000000044,average,ANImf,90
public_SRR14722309_metabat2_bin.1.fa,90_1,0.050000000000000044,average,ANImf,90
public_SRR14722231_metabat2_bin.5.fa,90_2,0.050000000000000044,average,ANImf,90
public_SRR14722163_concoct_bin.11.fa,91_0,0.050000000000000044,average,ANImf,91
public_SRR14722080_concoct_merged.0.fa,92_0,0.050000000000000044,average,ANImf,92
public_SRR14722154_metabat2_bin.3.fa,93_0,0.050000000000000044,average,ANImf,93
public_SRR14722165_metabat2_bin.16.fa,94_0,0.050000000000000044,average,ANImf,94
public_SRR14721945_metabat2_bin.3.fa,95_1,0.050000000000000044,average,ANImf,95
public_SRR14722251_metabat2_bin.1.fa,95_1,0.050000000000000044,average,ANImf,95
public_SRR14722042_metabat2_bin.6.fa,96_0,0.050000000000000044,average,ANImf,96
public_SRR14722184_concoct_bin.5.fa,97_1,0.050000000000000044,average,ANImf,97
public_SRR14722232_concoct_bin.14.fa,97_2,0.050000000000000044,average,ANImf,97
public_SRR14722274_metabat2_bin.2.fa,98_1,0.050000000000000044,average,ANImf,98
public_SRR14722324_concoct_bin.1.fa,98_1,0.050000000000000044,average,ANImf,98
public_SRR14722158_metabat2_bin.9.fa,99_0,0.050000000000000044,average,ANImf,99
public_SRR14722095_metabat2_bin.7.fa,100_1,0.050000000000000044,average,ANImf,100
public_SRR2387885_metabat2_bin.15.fa,100_2,0.050000000000000044,average,ANImf,100
private_T1881_metabat2_bin.5.fa,100_3,0.050000000000000044,average,ANImf,100
public_SRR14722202_metabat2_bin.2.fa,100_4,0.050000000000000044,average,ANImf,100
public_SRR14722016_metabat2_bin.3.fa,100_5,0.050000000000000044,average,ANImf,100
public_SRR14722058_metabat2_bin.4.fa,100_5,0.050000000000000044,average,ANImf,100
private_X16_concoct_bin.2.fa,100_6,0.050000000000000044,average,ANImf,100
public_SRR14721950_metabat2_bin.6.fa,101_0,0.050000000000000044,average,ANImf,101
public_SRR14721977_metabat2_bin.1.fa,102_0,0.050000000000000044,average,ANImf,102
public_SRR14722125_metabat2_bin.9.fa,103_0,0.050000000000000044,average,ANImf,103
public_SRR14722213_concoct_bin.9.fa,104_0,0.050000000000000044,average,ANImf,104
private_T1894_metabat2_bin.4.fa,105_0,0.050000000000000044,average,ANImf,105
public_SRR1531569_concoct_bin.26.fa,106_0,0.050000000000000044,average,ANImf,106
public_SRR14722296_metabat2_bin.7.fa,107_1,0.050000000000000044,average,ANImf,107
public_SRR14722301_metabat2_bin.5.fa,107_1,0.050000000000000044,average,ANImf,107
public_SRR14722121_metabat2_bin.4.fa,107_2,0.050000000000000044,average,ANImf,107
public_SRR14722156_concoct_bin.48.fa,107_2,0.050000000000000044,average,ANImf,107
public_SRR14722080_metabat2_bin.1.fa,107_3,0.050000000000000044,average,ANImf,107
public_SRR14722103_metabat2_bin.2.fa,107_4,0.050000000000000044,average,ANImf,107
public_SRR14722057_concoct_merged.0.fa,107_5,0.050000000000000044,average,ANImf,107
public_SRR14722084_metabat2_bin.3.fa,107_5,0.050000000000000044,average,ANImf,107
public_SRR14722299_metabat2_bin.9.fa,107_6,0.050000000000000044,average,ANImf,107
public_SRR14722101_metabat2_bin.2.fa,107_7,0.050000000000000044,average,ANImf,107
public_SRR14722170_metabat2_bin.4.fa,107_8,0.050000000000000044,average,ANImf,107
public_SRR14722292_metabat2_bin.5.fa,107_8,0.050000000000000044,average,ANImf,107
public_SRR14722293_concoct_bin.15.fa,107_9,0.050000000000000044,average,ANImf,107
public_SRR14722088_concoct_bin.14.fa,107_10,0.050000000000000044,average,ANImf,107
public_SRR14722171_concoct_bin.7.fa,107_10,0.050000000000000044,average,ANImf,107
public_SRR14722298_metabat2_bin.8.fa,107_10,0.050000000000000044,average,ANImf,107
public_SRR14722150_concoct_bin.35.fa,107_11,0.050000000000000044,average,ANImf,107
public_SRR14722294_metabat2_bin.7.fa,107_12,0.050000000000000044,average,ANImf,107
public_ERR4179389_metabat2_bin.32.fa,107_13,0.050000000000000044,average,ANImf,107
public_SRR14722277_metabat2_bin.3.fa,107_13,0.050000000000000044,average,ANImf,107
public_SRR14722319_metabat2_bin.1.fa,107_13,0.050000000000000044,average,ANImf,107
public_SRR14721965_metabat2_bin.1.fa,107_14,0.050000000000000044,average,ANImf,107
public_SRR14722009_concoct_bin.5.fa,107_14,0.050000000000000044,average,ANImf,107
public_SRR14722087_metabat2_bin.6.fa,107_14,0.050000000000000044,average,ANImf,107
public_SRR14721936_concoct_merged.0.fa,107_15,0.050000000000000044,average,ANImf,107
public_SRR14721952_concoct_merged.0.fa,107_16,0.050000000000000044,average,ANImf,107
public_SRR14722099_metabat2_bin.1.fa,107_17,0.050000000000000044,average,ANImf,107
public_SRR14722119_metabat2_bin.2.fa,107_18,0.050000000000000044,average,ANImf,107
public_SRR14722290_metabat2_bin.4.fa,107_19,0.050000000000000044,average,ANImf,107
public_SRR14722082_metabat2_bin.6.fa,107_20,0.050000000000000044,average,ANImf,107
public_SRR14722117_metabat2_bin.4.fa,107_20,0.050000000000000044,average,ANImf,107
public_SRR14721939_concoct_merged.0.fa,107_21,0.050000000000000044,average,ANImf,107
public_SRR14722066_metabat2_bin.7.fa,108_0,0.050000000000000044,average,ANImf,108
public_SRR14722167_metabat2_bin.4.fa,109_0,0.050000000000000044,average,ANImf,109
public_SRR14722018_metabat2_bin.2.fa,110_1,0.050000000000000044,average,ANImf,110
public_SRR14722272_metabat2_bin.6.fa,110_2,0.050000000000000044,average,ANImf,110
public_SRR14722041_metabat2_bin.10.fa,110_3,0.050000000000000044,average,ANImf,110
public_SRR14722275_concoct_merged.0.fa,111_1,0.050000000000000044,average,ANImf,111
public_SRR14722304_metabat2_bin.6.fa,111_1,0.050000000000000044,average,ANImf,111
private_T1904_metabat2_bin.21.fa,112_0,0.050000000000000044,average,ANImf,112
public_SRR14721987_metabat2_bin.1.fa,113_0,0.050000000000000044,average,ANImf,113
public_SRR11456922_metabat2_merged.1.fa,114_1,0.050000000000000044,average,ANImf,114
public_SRR11456923_metabat2_merged.0.fa,114_1,0.050000000000000044,average,ANImf,114
public_SRR11456913_concoct_bin.13.fa,114_2,0.050000000000000044,average,ANImf,114
public_SRR11456915_metabat2_merged.0.fa,114_2,0.050000000000000044,average,ANImf,114
public_SRR11456921_concoct_merged.0.fa,114_3,0.050000000000000044,average,ANImf,114
public_SRR11456921_metabat2_merged.0.fa,114_3,0.050000000000000044,average,ANImf,114
public_SRR14722320_concoct_bin.17.fa,114_3,0.050000000000000044,average,ANImf,114
public_SRR11456914_concoct_merged.0.fa,114_4,0.050000000000000044,average,ANImf,114
public_SRR11456917_metabat2_merged.0.fa,114_5,0.050000000000000044,average,ANImf,114
public_SRR11456918_metabat2_merged.0.fa,114_6,0.050000000000000044,average,ANImf,114
public_SRR11456919_metabat2_bin.15.fa,115_0,0.050000000000000044,average,ANImf,115
public_SRR14722210_metabat2_bin.3.fa,116_0,0.050000000000000044,average,ANImf,116
public_SRR14722078_concoct_bin.17.fa,117_0,0.050000000000000044,average,ANImf,117
public_SRR14722229_concoct_bin.24.fa,118_0,0.050000000000000044,average,ANImf,118
private_X2_concoct_bin.0.fa,119_1,0.050000000000000044,average,ANImf,119
public_SRR13685162_metabat2_bin.2.fa,119_2,0.050000000000000044,average,ANImf,119
public_SRR14722034_metabat2_bin.1.fa,119_3,0.050000000000000044,average,ANImf,119
public_SRR13125762_concoct_bin.37.fa,119_4,0.050000000000000044,average,ANImf,119
public_SRR14721947_metabat2_bin.6.fa,119_5,0.050000000000000044,average,ANImf,119
public_SRR14722094_metabat2_bin.10.fa,119_6,0.050000000000000044,average,ANImf,119
public_SRR13685165_metabat2_bin.3.fa,119_7,0.050000000000000044,average,ANImf,119
public_SRR14722120_metabat2_bin.1.fa,119_8,0.050000000000000044,average,ANImf,119
public_SRR14722022_concoct_bin.14.fa,119_9,0.050000000000000044,average,ANImf,119
public_SRR14722115_concoct_bin.3.fa,119_10,0.050000000000000044,average,ANImf,119
public_SRR13685164_concoct_bin.7.fa,119_11,0.050000000000000044,average,ANImf,119
public_SRR14722023_metabat2_bin.5.fa,119_12,0.050000000000000044,average,ANImf,119
public_SRR14722116_metabat2_bin.14.fa,119_13,0.050000000000000044,average,ANImf,119
public_SRR14722063_concoct_bin.10.fa,120_1,0.050000000000000044,average,ANImf,120
public_SRR14722208_metabat2_bin.1.fa,120_2,0.050000000000000044,average,ANImf,120
public_SRR14722173_concoct_merged.0.fa,121_0,0.050000000000000044,average,ANImf,121
private_X14_concoct_bin.2.fa,122_1,0.050000000000000044,average,ANImf,122
public_SRR14721996_metabat2_bin.8.fa,122_2,0.050000000000000044,average,ANImf,122
public_SRR14722033_concoct_bin.2.fa,122_3,0.050000000000000044,average,ANImf,122
public_SRR14722129_metabat2_bin.3.fa,122_3,0.050000000000000044,average,ANImf,122
public_SRR5808932_concoct_bin.35.fa,122_4,0.050000000000000044,average,ANImf,122
public_SRR7232211_concoct_bin.3.fa,122_5,0.050000000000000044,average,ANImf,122
public_SRR7232212_metabat2_bin.5.fa,122_5,0.050000000000000044,average,ANImf,122
public_SRR7232213_concoct_bin.1.fa,122_5,0.050000000000000044,average,ANImf,122
public_SRR7232214_concoct_bin.6.fa,122_5,0.050000000000000044,average,ANImf,122
private_VT38_concoct_bin.3.fa,122_6,0.050000000000000044,average,ANImf,122
private_VT26_concoct_bin.9.fa,122_7,0.050000000000000044,average,ANImf,122
private_X9_concoct_bin.20.fa,122_7,0.050000000000000044,average,ANImf,122
public_SRR5808930_metabat2_bin.9.fa,122_8,0.050000000000000044,average,ANImf,122
public_SRR14722026_metabat2_bin.4.fa,122_9,0.050000000000000044,average,ANImf,122
public_SRR14722291_concoct_bin.3.fa,122_9,0.050000000000000044,average,ANImf,122
private_VT15_metabat2_bin.1.fa,122_10,0.050000000000000044,average,ANImf,122
public_SRR14722124_metabat2_bin.8.fa,122_11,0.050000000000000044,average,ANImf,122
private_VT12_concoct_bin.10.fa,122_12,0.050000000000000044,average,ANImf,122
private_VT2_concoct_bin.17.fa,122_13,0.050000000000000044,average,ANImf,122
private_VT33_concoct_bin.0.fa,122_14,0.050000000000000044,average,ANImf,122
private_TS1974_concoct_bin.10.fa,122_15,0.050000000000000044,average,ANImf,122
public_SRR14721985_metabat2_bin.4.fa,122_15,0.050000000000000044,average,ANImf,122
private_VT1_metabat2_bin.10.fa,122_16,0.050000000000000044,average,ANImf,122
private_X3_concoct_bin.10.fa,122_16,0.050000000000000044,average,ANImf,122
public_SRR14722007_metabat2_bin.10.fa,122_16,0.050000000000000044,average,ANImf,122
public_SRR14722140_metabat2_bin.5.fa,122_17,0.050000000000000044,average,ANImf,122
private_VT31_metabat2_bin.4.fa,122_18,0.050000000000000044,average,ANImf,122
public_SRR14722118_metabat2_bin.5.fa,122_19,0.050000000000000044,average,ANImf,122
private_X1_concoct_bin.13.fa,122_20,0.050000000000000044,average,ANImf,122
private_X7_concoct_bin.1.fa,122_20,0.050000000000000044,average,ANImf,122
private_VT19_concoct_bin.7.fa,122_21,0.050000000000000044,average,ANImf,122
private_X12_concoct_bin.4.fa,122_22,0.050000000000000044,average,ANImf,122
private_GTX0161_concoct_merged.0.fa,122_23,0.050000000000000044,average,ANImf,122
private_VT22_concoct_bin.7.fa,122_24,0.050000000000000044,average,ANImf,122
private_X10_concoct_bin.0.fa,122_25,0.050000000000000044,average,ANImf,122
public_SRR13125477_concoct_bin.14.fa,122_26,0.050000000000000044,average,ANImf,122
public_SRR14722132_metabat2_bin.8.fa,122_27,0.050000000000000044,average,ANImf,122
public_SRR14722014_metabat2_bin.1.fa,123_1,0.050000000000000044,average,ANImf,123
public_SRR14722219_metabat2_bin.6.fa,123_1,0.050000000000000044,average,ANImf,123
public_SRR14722002_metabat2_bin.2.fa,123_2,0.050000000000000044,average,ANImf,123
public_SRR14722302_concoct_merged.0.fa,123_3,0.050000000000000044,average,ANImf,123
public_SRR14721974_metabat2_bin.1.fa,123_4,0.050000000000000044,average,ANImf,123
public_SRR14722020_concoct_merged.0.fa,124_1,0.050000000000000044,average,ANImf,124
public_SRR14722021_metabat2_bin.1.fa,124_1,0.050000000000000044,average,ANImf,124
public_SRR14722325_metabat2_bin.1.fa,124_2,0.050000000000000044,average,ANImf,124
public_SRR14722289_concoct_bin.0.fa,124_3,0.050000000000000044,average,ANImf,124
public_SRR14722326_metabat2_bin.1.fa,124_3,0.050000000000000044,average,ANImf,124
public_SRR14721979_metabat2_bin.1.fa,124_4,0.050000000000000044,average,ANImf,124
public_SRR14722310_metabat2_bin.3.fa,124_5,0.050000000000000044,average,ANImf,124
public_SRR14722000_concoct_merged.0.fa,124_6,0.050000000000000044,average,ANImf,124
public_SRR14722151_metabat2_bin.3.fa,124_7,0.050000000000000044,average,ANImf,124
public_SRR14721997_metabat2_bin.1.fa,124_8,0.050000000000000044,average,ANImf,124
public_SRR14722028_metabat2_bin.1.fa,124_8,0.050000000000000044,average,ANImf,124
public_SRR14722077_concoct_merged.0.fa,124_9,0.050000000000000044,average,ANImf,124
public_SRR14722139_metabat2_bin.5.fa,124_9,0.050000000000000044,average,ANImf,124
public_SRR14722329_metabat2_bin.1.fa,124_9,0.050000000000000044,average,ANImf,124
public_SRR14721943_metabat2_bin.1.fa,124_10,0.050000000000000044,average,ANImf,124
public_SRR14722068_metabat2_bin.3.fa,124_10,0.050000000000000044,average,ANImf,124
public_SRR14722108_metabat2_bin.1.fa,124_10,0.050000000000000044,average,ANImf,124
public_SRR14721956_metabat2_bin.3.fa,124_11,0.050000000000000044,average,ANImf,124
public_SRR14722174_metabat2_bin.2.fa,124_12,0.050000000000000044,average,ANImf,124
public_SRR14722166_concoct_bin.2.fa,124_13,0.050000000000000044,average,ANImf,124
public_SRR14722168_metabat2_bin.6.fa,124_14,0.050000000000000044,average,ANImf,124
public_SRR14722130_metabat2_bin.9.fa,124_15,0.050000000000000044,average,ANImf,124
public_SRR14721935_metabat2_bin.5.fa,124_16,0.050000000000000044,average,ANImf,124
private_VT16_concoct_bin.11.fa,124_17,0.050000000000000044,average,ANImf,124
public_SRR14722300_metabat2_bin.4.fa,124_17,0.050000000000000044,average,ANImf,124
public_SRR14722169_metabat2_bin.6.fa,124_18,0.050000000000000044,average,ANImf,124
public_SRR14722038_metabat2_bin.1.fa,124_19,0.050000000000000044,average,ANImf,124
public_SRR12240174_metabat2_bin.2.fa,124_20,0.050000000000000044,average,ANImf,124
public_SRR12240175_concoct_merged.0.fa,124_20,0.050000000000000044,average,ANImf,124
public_SRR12240177_metabat2_bin.4.fa,124_20,0.050000000000000044,average,ANImf,124
public_SRR12240178_metabat2_bin.6.fa,124_20,0.050000000000000044,average,ANImf,124
public_SRR12240179_concoct_bin.1.fa,124_20,0.050000000000000044,average,ANImf,124
public_SRR12240180_concoct_bin.4.fa,124_20,0.050000000000000044,average,ANImf,124
public_SRR12240187_metabat2_bin.8.fa,124_20,0.050000000000000044,average,ANImf,124
public_SRR12240188_concoct_bin.1.fa,124_20,0.050000000000000044,average,ANImf,124
public_SRR13126796_metabat2_bin.1.fa,124_20,0.050000000000000044,average,ANImf,124
public_SRR13167197_metabat2_bin.1.fa,124_20,0.050000000000000044,average,ANImf,124
public_SRR14722127_concoct_bin.0.fa,124_20,0.050000000000000044,average,ANImf,124
public_SRR13125985_concoct_bin.8.fa,124_21,0.050000000000000044,average,ANImf,124
public_SRR13126647_concoct_merged.0.fa,124_21,0.050000000000000044,average,ANImf,124
public_SRR13126828_metabat2_bin.1.fa,124_21,0.050000000000000044,average,ANImf,124
public_SRR13126859_metabat2_bin.7.fa,124_22,0.050000000000000044,average,ANImf,124
public_SRR14721992_concoct_merged.0.fa,124_23,0.050000000000000044,average,ANImf,124
public_SRR14722106_metabat2_bin.2.fa,124_23,0.050000000000000044,average,ANImf,124
public_SRR14722004_metabat2_bin.1.fa,124_24,0.050000000000000044,average,ANImf,124
public_SRR14722006_metabat2_bin.2.fa,124_25,0.050000000000000044,average,ANImf,124
public_SRR14721927_metabat2_bin.2.fa,124_26,0.050000000000000044,average,ANImf,124
private_T1914_metabat2_bin.5.fa,125_0,0.050000000000000044,average,ANImf,125
public_SRR14722015_metabat2_bin.2.fa,126_1,0.050000000000000044,average,ANImf,126
public_SRR14722197_metabat2_bin.3.fa,126_1,0.050000000000000044,average,ANImf,126
public_SRR14722161_metabat2_bin.6.fa,126_2,0.050000000000000044,average,ANImf,126
public_SRR1531545_concoct_bin.10.fa,126_3,0.050000000000000044,average,ANImf,126
public_SRR14722145_metabat2_bin.10.fa,126_4,0.050000000000000044,average,ANImf,126
public_SRR14721954_metabat2_bin.3.fa,127_0,0.050000000000000044,average,ANImf,127
public_SRR14722288_metabat2_bin.3.fa,128_1,0.050000000000000044,average,ANImf,128
public_SRR1531517_concoct_bin.16.fa,128_2,0.050000000000000044,average,ANImf,128
public_SRR14722279_metabat2_bin.4.fa,129_0,0.050000000000000044,average,ANImf,129
public_SRR14721973_metabat2_bin.2.fa,130_0,0.050000000000000044,average,ANImf,130
public_SRR14721926_metabat2_bin.3.fa,131_0,0.050000000000000044,average,ANImf,131
public_SRR14721929_metabat2_bin.13.fa,132_0,0.050000000000000044,average,ANImf,132
public_SRR13685158_concoct_merged.0.fa,133_1,0.050000000000000044,average,ANImf,133
public_SRR14722311_concoct_merged.0.fa,133_1,0.050000000000000044,average,ANImf,133
public_SRR14722037_metabat2_bin.2.fa,134_0,0.050000000000000044,average,ANImf,134
public_SRR14722280_metabat2_bin.4.fa,135_0,0.050000000000000044,average,ANImf,135
public_SRR14722281_metabat2_bin.1.fa,136_0,0.050000000000000044,average,ANImf,136
public_SRR14722222_metabat2_bin.6.fa,137_0,0.050000000000000044,average,ANImf,137
public_SRR14722312_concoct_bin.10.fa,138_0,0.050000000000000044,average,ANImf,138
public_SRR14722318_metabat2_bin.2.fa,139_0,0.050000000000000044,average,ANImf,139
public_SRR14721986_metabat2_bin.4.fa,140_1,0.050000000000000044,average,ANImf,140
public_SRR14721990_metabat2_bin.6.fa,140_2,0.050000000000000044,average,ANImf,140
public_SRR14722092_concoct_merged.0.fa,141_1,0.050000000000000044,average,ANImf,141
public_SRR14722181_concoct_bin.9.fa,141_2,0.050000000000000044,average,ANImf,141
public_SRR14722039_metabat2_bin.7.fa,141_3,0.050000000000000044,average,ANImf,141
public_SRR14722085_metabat2_bin.6.fa,142_1,0.050000000000000044,average,ANImf,142
public_SRR14722221_metabat2_bin.2.fa,142_1,0.050000000000000044,average,ANImf,142
public_SRR14721933_metabat2_bin.1.fa,143_0,0.050000000000000044,average,ANImf,143
public_SRR14721984_concoct_merged.0.fa,144_1,0.050000000000000044,average,ANImf,144
public_SRR14722056_metabat2_bin.4.fa,144_1,0.050000000000000044,average,ANImf,144
public_SRR14722010_metabat2_bin.2.fa,145_0,0.050000000000000044,average,ANImf,145
public_SRR14722067_metabat2_bin.8.fa,146_0,0.050000000000000044,average,ANImf,146
public_SRR14722136_concoct_merged.0.fa,147_0,0.050000000000000044,average,ANImf,147
public_SRR14722330_concoct_merged.0.fa,148_0,0.050000000000000044,average,ANImf,148
public_SRR14721949_concoct_bin.4.fa,149_1,0.050000000000000044,average,ANImf,149
public_SRR14722083_concoct_bin.22.fa,149_1,0.050000000000000044,average,ANImf,149
public_SRR14722105_concoct_merged.0.fa,149_1,0.050000000000000044,average,ANImf,149
public_SRR14722278_concoct_bin.6.fa,149_2,0.050000000000000044,average,ANImf,149
public_SRR14722024_concoct_bin.3.fa,149_3,0.050000000000000044,average,ANImf,149
public_SRR12240183_metabat2_bin.10.fa,150_1,0.050000000000000044,average,ANImf,150
public_SRR1532736_concoct_bin.13.fa,150_2,0.050000000000000044,average,ANImf,150
public_SRR14721942_metabat2_bin.2.fa,151_0,0.050000000000000044,average,ANImf,151
public_SRR14722128_metabat2_bin.9.fa,152_0,0.050000000000000044,average,ANImf,152
private_T1889_concoct_bin.16.fa,153_1,0.050000000000000044,average,ANImf,153
public_SRR14722135_metabat2_bin.5.fa,153_2,0.050000000000000044,average,ANImf,153
public_SRR14722152_metabat2_bin.2.fa,153_3,0.050000000000000044,average,ANImf,153
public_SRR14722067_metabat2_bin.1.fa,154_1,0.050000000000000044,average,ANImf,154
public_SRR14722188_concoct_bin.30.fa,154_1,0.050000000000000044,average,ANImf,154
private_T1867_metabat2_bin.4.fa,155_1,0.050000000000000044,average,ANImf,155
private_T1894_concoct_bin.66.fa,155_1,0.050000000000000044,average,ANImf,155
public_SRR14722042_metabat2_bin.4.fa,155_2,0.050000000000000044,average,ANImf,155
public_SRR11456919_concoct_bin.22.fa,156_1,0.050000000000000044,average,ANImf,156
public_SRR13685159_concoct_merged.0.fa,156_2,0.050000000000000044,average,ANImf,156
public_SRR11456915_concoct_bin.5.fa,157_0,0.050000000000000044,average,ANImf,157
public_ERR4179390_concoct_bin.45.fa,158_0,0.050000000000000044,average,ANImf,158
public_SRR14722177_metabat2_bin.9.fa,159_0,0.050000000000000044,average,ANImf,159
public_SRR14721929_concoct_bin.20.fa,160_0,0.050000000000000044,average,ANImf,160
public_SRR14722116_metabat2_bin.5.fa,161_1,0.050000000000000044,average,ANImf,161
public_SRR14722120_metabat2_bin.4.fa,161_2,0.050000000000000044,average,ANImf,161
private_T1882_metabat2_merged.0.fa,162_1,0.050000000000000044,average,ANImf,162
private_X11_concoct_bin.15.fa,162_2,0.050000000000000044,average,ANImf,162
private_T1912_concoct_bin.0.fa,163_0,0.050000000000000044,average,ANImf,163
private_X10_concoct_bin.7.fa,164_0,0.050000000000000044,average,ANImf,164
public_SRR7232212_concoct_bin.0.fa,165_1,0.050000000000000044,average,ANImf,165
public_SRR7232213_concoct_bin.0.fa,165_2,0.050000000000000044,average,ANImf,165
public_SRR7232214_concoct_bin.9.fa,165_3,0.050000000000000044,average,ANImf,165
public_ERR4179390_concoct_bin.75.fa,166_0,0.050000000000000044,average,ANImf,166
private_T1881_metabat2_bin.1.fa,167_1,0.050000000000000044,average,ANImf,167
private_TS1974_concoct_bin.29.fa,167_1,0.050000000000000044,average,ANImf,167
private_GTX0161_concoct_bin.0.fa,167_2,0.050000000000000044,average,ANImf,167
private_X1_metabat2_bin.11.fa,168_1,0.050000000000000044,average,ANImf,168
private_X7_metabat2_bin.4.fa,168_1,0.050000000000000044,average,ANImf,168
private_T1889_concoct_merged.0.fa,168_2,0.050000000000000044,average,ANImf,168
private_T1904_concoct_bin.38.fa,168_2,0.050000000000000044,average,ANImf,168
private_T1914_concoct_bin.18.fa,168_2,0.050000000000000044,average,ANImf,168
private_VT38_concoct_bin.4.fa,168_2,0.050000000000000044,average,ANImf,168
public_SRR13125762_concoct_merged.0.fa,168_2,0.050000000000000044,average,ANImf,168
public_SRR5808932_metabat2_bin.2.fa,168_3,0.050000000000000044,average,ANImf,168
public_SRR7232211_concoct_bin.8.fa,168_4,0.050000000000000044,average,ANImf,168
public_SRR2387885_metabat2_bin.2.fa,168_5,0.050000000000000044,average,ANImf,168
private_X2_concoct_bin.1.fa,169_1,0.050000000000000044,average,ANImf,169
public_SRR13125477_metabat2_bin.13.fa,169_2,0.050000000000000044,average,ANImf,169
private_GTX0163_concoct_bin.46.fa,170_0,0.050000000000000044,average,ANImf,170
public_SRR1532736_concoct_bin.20.fa,171_0,0.050000000000000044,average,ANImf,171
public_SRR14722143_metabat2_bin.4.fa,172_0,0.050000000000000044,average,ANImf,172
public_SRR7232212_concoct_bin.12.fa,173_0,0.050000000000000044,average,ANImf,173
