Run,ReleaseDate,LoadDate,spots,bases,spots_with_mates,avgLength,size_MB,AssemblyName,download_path,Experiment,LibraryName,LibraryStrategy,LibrarySelection,LibrarySource,LibraryLayout,InsertSize,InsertDev,Platform,Model,SRAStudy,BioProject,Study_Pubmed_id,ProjectID,Sample,BioSample,SampleType,TaxID,ScientificName,SampleName,g1k_pop_code,source,g1k_analysis_group,Subject_ID,Sex,Disease,Tumor,Affection_Status,Analyte_Type,Histological_Type,Body_Site,CenterName,Submission,dbgap_study_accession,Consent,RunHash,ReadHash
SRR13685154,2021-02-11 07:59:33,2021-02-11 07:58:29,1938342,585379284,1938342,302,231,,https://sra-download.ncbi.nlm.nih.gov/traces/sra22/SRR/013364/SRR13685154,SRX10074485,FEN_105_Gomphillus_americanus_Plate1_C11_R1.fastq.gz,WGS,size fractionation,GENOMIC,PAIRED,0,0,ILLUMINA,NextSeq 550,SRP305791,PRJNA700635,,700635,SRS8233902,SAMN17834495,simple,1940652,Gomphillus americanus,FEN_105_Gomphillus_americanus,,,,,,,no,,,,,"UNIVERSITY OF COLORADO, BOULDER",SRA1194724,,public,D84460BA8E293BE25049715CB2FB9183,278BD7802DB6CA9F3B098758935DDA8D
SRR13685153,2021-02-11 08:03:19,2021-02-11 07:59:18,2320102,700670804,2320102,302,277,,https://sra-download.ncbi.nlm.nih.gov/traces/sra62/SRR/013364/SRR13685153,SRX10074486,FEN_114_Lecanora_cinereofusca_Plate1_H12_R1.fastq.gz,WGS,size fractionation,GENOMIC,PAIRED,0,0,ILLUMINA,NextSeq 550,SRP305791,PRJNA700635,,700635,SRS8233903,SAMN17834507,simple,1518593,Lecanora cinereofusca,FEN_114_Lecanora_cinereofusca,,,,,,,no,,,,,"UNIVERSITY OF COLORADO, BOULDER",SRA1194724,,public,1375613D2D7B575F416E886ACCCB266F,074245DBCEF8A7FC70500A3E0DEC2295
SRR13685142,2021-02-11 08:00:18,2021-02-11 07:58:42,1434043,433080986,1434043,302,175,,https://sra-download.ncbi.nlm.nih.gov/traces/sra8/SRR/013364/SRR13685142,SRX10074497,FEN_117_Opegrapha_vulgata_Plate1_F12_R1.fastq.gz,WGS,size fractionation,GENOMIC,PAIRED,0,0,ILLUMINA,NextSeq 550,SRP305791,PRJNA700635,,700635,SRS8233913,SAMN17834513,simple,543791,Opegrapha vulgata,FEN_117_Opegrapha_vulgata,,,,,,,no,,,,,"UNIVERSITY OF COLORADO, BOULDER",SRA1194724,,public,606F75D990DD2DA3E1C498A1A583AC59,CB6AED33A53EAF50B319058D72FB87AC
SRR13685131,2021-02-11 08:03:19,2021-02-11 08:01:48,6837388,2042901691,6837388,298,870,,https://sra-download.ncbi.nlm.nih.gov/traces/sra14/SRR/013364/SRR13685131,SRX10074508,FEN_140_Alectoria_fallacinaPlate2_H10_R1.fastq.gz,WGS,size fractionation,GENOMIC,PAIRED,0,0,ILLUMINA,NextSeq 550,SRP305791,PRJNA700635,,700635,SRS8233924,SAMN17834479,simple,1903189,Alectoria fallacina,FEN_140_Alectoria_fallacina,,,,,,,no,,,,,"UNIVERSITY OF COLORADO, BOULDER",SRA1194724,,public,C498E58994A1B9392780AE68A849C547,2E2AFB30586F384F5B55E5B31C6532C8
SRR13685177,2021-02-11 08:09:45,2021-02-11 08:03:50,9679029,2923066758,9679029,302,1185,,https://sra-download.ncbi.nlm.nih.gov/traces/sra41/SRR/013364/SRR13685177,SRX10074462,FEN_17_Graphis_lineola_Plate2_E1_R1.fastq.gz,WGS,size fractionation,GENOMIC,PAIRED,0,0,ILLUMINA,NextSeq 550,SRP305791,PRJNA700635,,700635,SRS8233879,SAMN17834496,simple,1257147,Graphis lineola,FEN_17_Graphis_lineola,,,,,,,no,,,,,"UNIVERSITY OF COLORADO, BOULDER",SRA1194724,,public,D82956C80DD34C4EB6C99B43B1687628,72EACA059722CCA9E3DD346D6194A552
SRR13685166,2021-02-11 08:06:42,2021-02-11 08:03:30,9916991,2980609991,9916991,300,1210,,https://sra-download.ncbi.nlm.nih.gov/traces/sra67/SRR/013364/SRR13685166,SRX10074473,FEN_180_Parmotrema_stuppeumPlate2_B8_R1.fastq.gz,WGS,size fractionation,GENOMIC,PAIRED,0,0,ILLUMINA,NextSeq 550,SRP305791,PRJNA700635,,700635,SRS8233890,SAMN17834522,simple,2041279,Parmotrema stuppeum,FEN_180_Parmotrema_stuppeum,,,,,,,no,,,,,"UNIVERSITY OF COLORADO, BOULDER",SRA1194724,,public,C21332301F7B48D0EB020D4D7317F4EF,B4B54805A22FFCC38229502034E23A61
SRR13685155,2021-02-11 08:06:42,2021-02-11 08:03:22,8880263,2681839426,8880263,302,1090,,https://sra-download.ncbi.nlm.nih.gov/traces/sra73/SRR/013364/SRR13685155,SRX10074484,FEN_200_Cladonia__uncialis_Plate2_D6_R1.fastq.gz,WGS,size fractionation,GENOMIC,PAIRED,0,0,ILLUMINA,NextSeq 550,SRP305791,PRJNA700635,,700635,SRS8233900,SAMN17834493,simple,174080,Cladonia uncialis,FEN_200_Cladonia_uncialis,,,,,,,no,,,,,"UNIVERSITY OF COLORADO, BOULDER",SRA1194724,,public,69323A8521AA6A5391088C6803729B35,A09614BCDF6C0928AA1BDD83230D7423
SRR13685123,2021-02-11 08:07:48,2021-02-11 08:04:34,9524696,2876458192,9524696,302,1174,,https://sra-download.ncbi.nlm.nih.gov/traces/sra78/SRR/013364/SRR13685123,SRX10074516,FEN_201_Cladonia__rangiferina_Plate2_C6_R1.fastq.gz,WGS,size fractionation,GENOMIC,PAIRED,0,0,ILLUMINA,NextSeq 550,SRP305791,PRJNA700635,,700635,SRS8233934,SAMN17834489,simple,111670,Cladonia rangiferina,FEN_201_Cladonia_rangiferina,,,,,,,no,,,,,"UNIVERSITY OF COLORADO, BOULDER",SRA1194724,,public,AB0C77F13ADE9F79D8E54D1065728D5E,0B600B0CF4B745919233BE1F2522EC3C
SRR13685156,2021-02-11 08:10:40,2021-02-11 08:06:55,11287921,3408952142,11287921,302,1386,,https://sra-download.ncbi.nlm.nih.gov/traces/sra77/SRR/013364/SRR13685156,SRX10074483,FEN_20_Coccocarpia_palmicola_Plate2_D1_R1.fastq.gz,WGS,size fractionation,GENOMIC,PAIRED,0,0,ILLUMINA,NextSeq 550,SRP305791,PRJNA700635,,700635,SRS8233901,SAMN17834494,simple,301477,Coccocarpia palmicola,FEN_20_Coccocarpia_palmicola,,,,,,,no,,,,,"UNIVERSITY OF COLORADO, BOULDER",SRA1194724,,public,A93F9376510DEEA52E24D68773FB4E21,48D2D40160054A3233C7B8716A118D53
SRR13685122,2021-02-11 08:03:19,2021-02-11 08:01:32,7294821,2203035942,7294821,302,927,,https://sra-download.ncbi.nlm.nih.gov/traces/sra55/SRR/013364/SRR13685122,SRX10074517,FEN_22_Usnea_pensylvanica_Plate1_B3_R1.fastq.gz,WGS,size fractionation,GENOMIC,PAIRED,0,0,ILLUMINA,NextSeq 550,SRP305791,PRJNA700635,,700635,SRS8233933,SAMN17834534,simple,2033593,Usnea pennsylvanica,FEN_22_Usnea_pensylvanica,,,,,,,no,,,,,"UNIVERSITY OF COLORADO, BOULDER",SRA1194724,,public,94FE36FF353313D566047032D5806F46,40704C9BB3BC7067955A9F14452021CF
SRR13685152,2021-02-11 08:07:48,2021-02-11 08:03:34,9005594,2719689388,9005594,302,1107,,https://sra-download.ncbi.nlm.nih.gov/traces/sra20/SRR/013364/SRR13685152,SRX10074487,FEN_230_Heterodermia_speciosa_Plate2_G2_R1.fastq.gz,WGS,size fractionation,GENOMIC,PAIRED,0,0,ILLUMINA,NextSeq 550,SRP305791,PRJNA700635,,700635,SRS8233904,SAMN17834501,simple,116794,Heterodermia speciosa,FEN_230_Heterodermia_speciosa1,,,,,,,no,,,,,"UNIVERSITY OF COLORADO, BOULDER",SRA1194724,,public,54BD6170C22A0D9194CE87C9A6DB3F97,A1C22647A1F80CBE447F8E9E5FAEAF18
SRR13685151,2021-02-11 08:07:48,2021-02-11 08:02:01,8669050,2618053100,8669050,302,1050,,https://sra-download.ncbi.nlm.nih.gov/traces/sra71/SRR/013364/SRR13685151,SRX10074488,FEN_231_Leptogium_hirsutum_Plate2_F2_R1.fastq.gz,WGS,size fractionation,GENOMIC,PAIRED,0,0,ILLUMINA,NextSeq 550,SRP305791,PRJNA700635,,700635,SRS8233907,SAMN17834510,simple,1486872,Leptogium hirsutum,FEN_231_Leptogium_hirsutum,,,,,,,no,,,,,"UNIVERSITY OF COLORADO, BOULDER",SRA1194724,,public,7542288DB5B041672250F3FE401C4704,D559060CEC6257E07C6BAA3892C04B67
SRR13685150,2021-02-11 08:04:56,2021-02-11 08:02:09,6221694,1878951588,6221694,302,760,,https://sra-download.ncbi.nlm.nih.gov/traces/sra77/SRR/013364/SRR13685150,SRX10074489,FEN_232_Pertusaria_ostiolata_Plate2_E2_R1.fastq.gz,WGS,size fractionation,GENOMIC,PAIRED,0,0,ILLUMINA,NextSeq 550,SRP305791,PRJNA700635,,700635,SRS8233905,SAMN17834525,simple,2035816,Pertusaria ostiolata,FEN_232_Pertusaria_ostiolata,,,,,,,no,,,,,"UNIVERSITY OF COLORADO, BOULDER",SRA1194724,,public,16D9C60F7EFF1CF491351C2E4C6866DA,3AE0A4819BF1DAF1F894773F7A6F85ED
SRR13685149,2021-02-11 08:06:42,2021-02-11 08:01:56,8441201,2549242702,8441201,302,1024,,https://sra-download.ncbi.nlm.nih.gov/traces/sra25/SRR/013364/SRR13685149,SRX10074490,FEN_233_Mycocalicium_subtile_Plate2_D2_R1.fastq.gz,WGS,size fractionation,GENOMIC,PAIRED,0,0,ILLUMINA,NextSeq 550,SRP305791,PRJNA700635,,700635,SRS8233906,SAMN17834512,simple,124099,Mycocalicium subtile,FEN_233_Mycocalicium_subtile,,,,,,,no,,,,,"UNIVERSITY OF COLORADO, BOULDER",SRA1194724,,public,F3717B57627EE0F3D6A6DBD6739115B8,1E8EE3628F2E6C54935196C0FD0DFAD0
SRR13685148,2021-02-11 08:10:40,2021-02-11 08:07:53,17140466,5176420732,17140466,302,1986,,https://sra-download.ncbi.nlm.nih.gov/traces/sra72/SRR/013364/SRR13685148,SRX10074491,FEN_251_Usnea_subscabrosa_Plate3_A7_R1.fastq.gz,WGS,size fractionation,GENOMIC,PAIRED,0,0,ILLUMINA,NextSeq 550,SRP305791,PRJNA700635,,700635,SRS8233908,SAMN17834537,simple,1181319,Usnea subscabrosa,FEN_251_Usnea_subscabrosa,,,,,,,no,,,,,"UNIVERSITY OF COLORADO, BOULDER",SRA1194724,,public,C424E8525FC9C939B0FF7E7840962353,095E2F75B09AC6F1FDA99967C4ED5C8E
SRR13685147,2021-02-11 08:09:45,2021-02-11 08:07:12,11473499,3464996698,11473499,302,1330,,https://sra-download.ncbi.nlm.nih.gov/traces/sra4/SRR/013364/SRR13685147,SRX10074492,FEN_252_Usnea_halei_Plate3_B7_R1.fastq.gz,WGS,size fractionation,GENOMIC,PAIRED,0,0,ILLUMINA,NextSeq 550,SRP305791,PRJNA700635,,700635,SRS8233909,SAMN17834532,simple,2086299,Usnea halei,FEN_252_Usnea_halei,,,,,,,no,,,,,"UNIVERSITY OF COLORADO, BOULDER",SRA1194724,,public,15C6F57DA1C2148637BA23CF50451579,4CC5AE632609D313B3B4B4A264709D2B
SRR13685146,2021-02-11 08:02:01,2021-02-11 08:00:08,5326417,1608577934,5326417,302,673,,https://sra-download.ncbi.nlm.nih.gov/traces/sra67/SRR/013364/SRR13685146,SRX10074493,FEN_278_Cladonia_stipitata_S22_R1_001.fastq.gz,WGS,size fractionation,GENOMIC,PAIRED,0,0,ILLUMINA,NextSeq 550,SRP305791,PRJNA700635,,700635,SRS8233910,SAMN17834491,simple,696364,Cladonia stipitata,FEN_278_Cladonia_stipitata,,,,,,,no,,,,,"UNIVERSITY OF COLORADO, BOULDER",SRA1194724,,public,B73BC2FBCB00F73625D49FA4322D1ABD,4EBD92E04D4CCB933423770FEB208E13
SRR13685145,2021-02-11 08:03:19,2021-02-11 08:01:02,5826538,1759614476,5826538,302,758,,https://sra-download.ncbi.nlm.nih.gov/traces/sra52/SRR/013364/SRR13685145,SRX10074494,FEN_283_Heterodermia_appalachensis_S27_R1_001.fastq.gz,WGS,size fractionation,GENOMIC,PAIRED,0,0,ILLUMINA,NextSeq 550,SRP305791,PRJNA700635,,700635,SRS8233911,SAMN17834498,simple,2483983,Heterodermia appalachiensis,FEN_283_Heterodermia_appalachensis,,,,,,,no,,,,,"UNIVERSITY OF COLORADO, BOULDER",SRA1194724,,public,FBED8A59FEB6FCA7ACDE050361595731,FDE3CAC34D79D5C6221B238337A365D5
SRR13685144,2021-02-11 08:00:18,2021-02-11 07:59:18,2488509,751529718,2488509,302,314,,https://sra-download.ncbi.nlm.nih.gov/traces/sra56/SRR/013364/SRR13685144,SRX10074495,FEN_289_Parmotrema_margaritatum_S33_R1_001.fastq.gz,WGS,size fractionation,GENOMIC,PAIRED,0,0,ILLUMINA,NextSeq 550,SRP305791,PRJNA700635,,700635,SRS8233914,SAMN17834519,simple,768746,Parmotrema margaritatum,FEN_289_Parmotrema_margaritatum,,,,,,,no,,,,,"UNIVERSITY OF COLORADO, BOULDER",SRA1194724,,public,C709AAFD4CB3407E6BC7D4D4DA270F13,E9E35D84381EA9FA7C815C5243AB2747
SRR13685143,2021-02-11 08:04:56,2021-02-11 08:00:56,5690632,1718570864,5690632,302,720,,https://sra-download.ncbi.nlm.nih.gov/traces/sra35/SRR/013364/SRR13685143,SRX10074496,FEN_295_Parmotrema_neotropicum_S39_R1_001.fastq.gz,WGS,size fractionation,GENOMIC,PAIRED,0,0,ILLUMINA,NextSeq 550,SRP305791,PRJNA700635,,700635,SRS8233912,SAMN17834521,simple,2486652,Parmotrema neotropicum,FEN_295_Parmotrema_neotropicum,,,,,,,no,,,,,"UNIVERSITY OF COLORADO, BOULDER",SRA1194724,,public,30EE13A136B7871BE33456EE2D8FD860,6D76F75CFD62B66EFD45A6CB13F542C6
SRR13685140,2021-02-11 08:03:19,2021-02-11 08:00:19,4668531,1409896362,4668531,302,613,,https://sra-download.ncbi.nlm.nih.gov/traces/sra10/SRR/013364/SRR13685140,SRX10074499,FEN_331_Arthonia_susa_Plate5_R1.fastq.gz,WGS,size fractionation,GENOMIC,PAIRED,0,0,ILLUMINA,NextSeq 550,SRP305791,PRJNA700635,,700635,SRS8233917,SAMN17834481,simple,2488734,Arthonia susa,FEN_331_Arthonia_susa,,,,,,,no,,,,,"UNIVERSITY OF COLORADO, BOULDER",SRA1194724,,public,283F97025D57C0A3CC2E9B695D220C31,CF60196045264828D3A6AD311DDEF377
SRR13685139,2021-02-11 08:02:01,2021-02-11 07:59:45,3719872,1123401344,3719872,302,499,,https://sra-download.ncbi.nlm.nih.gov/traces/sra2/SRR/013364/SRR13685139,SRX10074500,FEN_368_Usnea_subgracilis_Plate5_R1.fastq.gz,WGS,size fractionation,GENOMIC,PAIRED,0,0,ILLUMINA,NextSeq 550,SRP305791,PRJNA700635,,700635,SRS8233916,SAMN17834536,simple,2250278,Usnea subgracilis,FEN_368_Usnea_subgracilis,,,,,,,no,,,,,"UNIVERSITY OF COLORADO, BOULDER",SRA1194724,,public,35A54C5EC6703E090203AB7D875F4483,E1C70E2D23BFB6EED5BB4A28C67B1E9A
SRR13685138,2021-02-11 08:02:01,2021-02-11 07:59:40,3333406,1006688612,3333406,302,428,,https://sra-download.ncbi.nlm.nih.gov/traces/sra5/SRR/013364/SRR13685138,SRX10074501,FEN_370_Parmotrema_critinum_Plate5_R1.fastq.gz,WGS,size fractionation,GENOMIC,PAIRED,0,0,ILLUMINA,NextSeq 550,SRP305791,PRJNA700635,,700635,SRS8233918,SAMN17834516,simple,237040,Parmotrema crinitum,FEN_370_Parmotrema_crinitum,,,,,,,no,,,,,"UNIVERSITY OF COLORADO, BOULDER",SRA1194724,,public,88DDBA4B7CB644DF5F5F057F0D887944,6EDABA781F40A1498F7B8CB1912ECEC5
SRR13685137,2021-02-11 08:03:19,2021-02-11 08:00:20,4903815,1480952130,4903815,302,637,,https://sra-download.ncbi.nlm.nih.gov/traces/sra8/SRR/013364/SRR13685137,SRX10074502,FEN_372_Heterodermia_squamulosa_Plate5_R1.fastq.gz,WGS,size fractionation,GENOMIC,PAIRED,0,0,ILLUMINA,NextSeq 550,SRP305791,PRJNA700635,,700635,SRS8233919,SAMN17834503,simple,2294038,Heterodermia squamulosa,FEN_372_Heterodermia_squamulosa,,,,,,,no,,,,,"UNIVERSITY OF COLORADO, BOULDER",SRA1194724,,public,15F2E239C817DD48C6A2B4F26B299AA5,60AA8857B5B1C5C8C15BABB90E3DB2A9
SRR13685136,2021-02-11 08:00:18,2021-02-11 07:59:20,2764521,834885342,2764521,302,360,,https://sra-download.ncbi.nlm.nih.gov/traces/sra49/SRR/013364/SRR13685136,SRX10074503,FEN_379_Pertusaria_propinqua_Plate5_R1.fastq.gz,WGS,size fractionation,GENOMIC,PAIRED,0,0,ILLUMINA,NextSeq 550,SRP305791,PRJNA700635,,700635,SRS8233920,SAMN17834527,simple,2283411,Pertusaria propinqua,FEN_379_Pertusaria_propinqua,,,,,,,no,,,,,"UNIVERSITY OF COLORADO, BOULDER",SRA1194724,,public,505C614F36300D57AD0A937BCC131D20,26CF176CA45031FC2769EA05E0170B7F
SRR13685135,2021-02-11 08:02:01,2021-02-11 08:00:11,4699391,1419216082,4699391,302,614,,https://sra-download.ncbi.nlm.nih.gov/traces/sra7/SRR/013364/SRR13685135,SRX10074504,FEN_380_Cladonia_apodocarpa_Plate5_R1.fastq.gz,WGS,size fractionation,GENOMIC,PAIRED,0,0,ILLUMINA,NextSeq 550,SRP305791,PRJNA700635,,700635,SRS8233922,SAMN17834483,simple,195755,Cladonia apodocarpa,FEN_380_Cladonia_apodocarpa,,,,,,,no,,,,,"UNIVERSITY OF COLORADO, BOULDER",SRA1194724,,public,BB0F7038BB9EC07CD1483AC46E62BB22,4A68D165A63589F28A726F46F6E9A5B3
SRR13685134,2021-02-11 08:00:18,2021-02-11 07:59:04,2859059,863435818,2859059,302,374,,https://sra-download.ncbi.nlm.nih.gov/traces/sra56/SRR/013364/SRR13685134,SRX10074505,FEN_388_Parmotrema_mellissii_Plate5_R1.fastq.gz,WGS,size fractionation,GENOMIC,PAIRED,0,0,ILLUMINA,NextSeq 550,SRP305791,PRJNA700635,,700635,SRS8233921,SAMN17834520,simple,2086305,Parmotrema mellissii,FEN_388_Parmotrema_mellissi,,,,,,,no,,,,,"UNIVERSITY OF COLORADO, BOULDER",SRA1194724,,public,E3D14F7671536E71CC2EF1E2DF25DAE0,EBE054C222F4CC2CA2435F9F97ADB77E
SRR13685133,2021-02-11 07:59:33,2021-02-11 07:58:34,971329,293341358,971329,302,126,,https://sra-download.ncbi.nlm.nih.gov/traces/sra24/SRR/013364/SRR13685133,SRX10074506,FEN_393_Lecanora_nothocaesiella_Plate5_R1.fastq.gz,WGS,size fractionation,GENOMIC,PAIRED,0,0,ILLUMINA,NextSeq 550,SRP305791,PRJNA700635,,700635,SRS8233923,SAMN17834482,simple,2040699,Bacidia sp.,FEN_393_Bacidia_sp.,,,,,,,no,,,,,"UNIVERSITY OF COLORADO, BOULDER",SRA1194724,,public,301DE02439B1D0684F1C5BC8653F0345,A5666E1148474E57F4192850A2AD5A28
SRR13685141,2021-02-11 08:03:19,2021-02-11 08:00:48,4385224,1324337648,4385224,302,564,,https://sra-download.ncbi.nlm.nih.gov/traces/sra22/SRR/013364/SRR13685141,SRX10074498,FEN_3_Parmotrema_diffractaicum_Plate1_C1_R1.fastq.gz,WGS,size fractionation,GENOMIC,PAIRED,0,0,ILLUMINA,NextSeq 550,SRP305791,PRJNA700635,,700635,SRS8233915,SAMN17834517,simple,2094712,Parmotrema diffractaicum,FEN_3_Parmotrema_diffractaicum,,,,,,,no,,,,,"UNIVERSITY OF COLORADO, BOULDER",SRA1194724,,public,B8EED083CBD8ECD4FFFBAC4A53AF6587,14694F710FDDDB1DACDC82459015B359
SRR13685132,2021-02-11 08:02:01,2021-02-11 07:59:34,3571330,1078541660,3571330,302,491,,https://sra-download.ncbi.nlm.nih.gov/traces/sra75/SRR/013364/SRR13685132,SRX10074507,FEN_400_Lecanora_saxigena_Plate5_R1.fastq.gz,WGS,size fractionation,GENOMIC,PAIRED,0,0,ILLUMINA,NextSeq 550,SRP305791,PRJNA700635,,700635,SRS8233926,SAMN17834508,simple,1217798,Lecanora subimmergens,FEN_400_Lecanora_saxigena,,,,,,,no,,,,,"UNIVERSITY OF COLORADO, BOULDER",SRA1194724,,public,DC9BB1043C5A419C8C58E0438F4CA23F,A337EE654777E06DD64979770E453C8D
SRR13685130,2021-02-11 08:02:01,2021-02-11 07:59:42,3057922,923492444,3057922,302,397,,https://sra-download.ncbi.nlm.nih.gov/traces/sra67/SRR/013364/SRR13685130,SRX10074509,FEN_402_Pertusaria_plittiana_Plate5_R1.fastq.gz,WGS,size fractionation,GENOMIC,PAIRED,0,0,ILLUMINA,NextSeq 550,SRP305791,PRJNA700635,,700635,SRS8233925,SAMN17834526,simple,394545,Pertusaria plittiana,FEN_402_Pertusaria_plittiana,,,,,,,no,,,,,"UNIVERSITY OF COLORADO, BOULDER",SRA1194724,,public,F85C643E964CED2E937E64694A6E4917,46C5DA3040173DB391173A04BF65180F
SRR13685129,2021-02-11 08:02:01,2021-02-11 07:59:53,5344440,1614020880,5344440,302,688,,https://sra-download.ncbi.nlm.nih.gov/traces/sra36/SRR/013364/SRR13685129,SRX10074510,FEN_420_Cladonia_petrophila_Plate6_R1.fastq.gz,WGS,size fractionation,GENOMIC,PAIRED,0,0,ILLUMINA,NextSeq 550,SRP305791,PRJNA700635,,700635,SRS8233927,SAMN17834487,simple,195777,Cladonia petrophila,FEN_420_Cladonia_petrophila,,,,,,,no,,,,,"UNIVERSITY OF COLORADO, BOULDER",SRA1194724,,public,3B330078018856FFA1CE04D8688061D5,01E053A067D87719ECB70D50ED199C2A
SRR13685128,2021-02-11 08:03:19,2021-02-11 08:01:24,8042717,2428900534,8042717,302,1032,,https://sra-download.ncbi.nlm.nih.gov/traces/sra16/SRR/013364/SRR13685128,SRX10074511,FEN_428_Parmotrema_ultralucens_Plate6_R1.fastq.gz,WGS,size fractionation,GENOMIC,PAIRED,0,0,ILLUMINA,NextSeq 550,SRP305791,PRJNA700635,,700635,SRS8233929,SAMN17834523,simple,2486653,Parmotrema ultralucens,FEN_428_Parmotrema_ultralucens,,,,,,,no,,,,,"UNIVERSITY OF COLORADO, BOULDER",SRA1194724,,public,BE945C288B89E16C2B4D16CCE381D426,A5B8A9E78F953E32A690F44FAD50A8FE
SRR13685127,2021-02-11 08:03:19,2021-02-11 08:01:38,6617764,1998564728,6617764,302,860,,https://sra-download.ncbi.nlm.nih.gov/traces/sra37/SRR/013364/SRR13685127,SRX10074512,FEN_435_Usnea_mutabilis_Plate6_R1.fastq.gz,WGS,size fractionation,GENOMIC,PAIRED,0,0,ILLUMINA,NextSeq 550,SRP305791,PRJNA700635,,700635,SRS8233928,SAMN17834533,simple,143885,Usnea mutabilis,FEN_435_Usnea_mutabilis,,,,,,,no,,,,,"UNIVERSITY OF COLORADO, BOULDER",SRA1194724,,public,C23360F6F832C5137F0B4E21931A1529,89D337191C513ABA7DF04F152027467A
SRR13685126,2021-02-11 08:00:18,2021-02-11 07:59:15,2630299,794350298,2630299,302,369,,https://sra-download.ncbi.nlm.nih.gov/traces/sra57/SRR/013364/SRR13685126,SRX10074513,FEN_445_Cladonia_peziziformis_Plate6_R1.fastq.gz,WGS,size fractionation,GENOMIC,PAIRED,0,0,ILLUMINA,NextSeq 550,SRP305791,PRJNA700635,,700635,SRS8233930,SAMN17834488,simple,184108,Cladonia peziziformis,FEN_445_Cladonia_peziziformis,,,,,,,no,,,,,"UNIVERSITY OF COLORADO, BOULDER",SRA1194724,,public,5A3B71BB856B0A5C49FC36F5DF78B4EA,CC14446E7E9902E0F5A7B3CA0EB323A1
SRR13685125,2021-02-11 08:06:42,2021-02-11 08:00:55,5384712,1626183024,5384712,302,696,,https://sra-download.ncbi.nlm.nih.gov/traces/sra71/SRR/013364/SRR13685125,SRX10074514,FEN_455_Heterodermia_speciosa_Plate6_R1.fastq.gz,WGS,size fractionation,GENOMIC,PAIRED,0,0,ILLUMINA,NextSeq 550,SRP305791,PRJNA700635,,700635,SRS8233931,SAMN17834502,simple,116794,Heterodermia speciosa,FEN_455_Heterodermia_speciosa2,,,,,,,no,,,,,"UNIVERSITY OF COLORADO, BOULDER",SRA1194724,,public,BF5EDE6D62B3F20E7F3C8D43D98EF218,96161B69467930AB5490F026DE7170B0
SRR13685124,2021-02-11 08:02:01,2021-02-11 08:00:07,5703508,1722459416,5703508,302,735,,https://sra-download.ncbi.nlm.nih.gov/traces/sra67/SRR/013364/SRR13685124,SRX10074515,FEN_458_Heterodermia_albicans_Plate6_R1.fastq.gz,WGS,size fractionation,GENOMIC,PAIRED,0,0,ILLUMINA,NextSeq 550,SRP305791,PRJNA700635,,700635,SRS8233932,SAMN17834497,simple,205622,Heterodermia albicans,FEN_458_Heterodermia_albicans,,,,,,,no,,,,,"UNIVERSITY OF COLORADO, BOULDER",SRA1194724,,public,F27543CB5818779F622C0FED8819DD61,E5A278B8F5E15AFEDB3BDAB3E2EF026E
SRR13685180,2021-02-11 08:03:19,2021-02-11 08:01:08,4786377,1445485854,4786377,302,618,,https://sra-download.ncbi.nlm.nih.gov/traces/sra54/SRR/013364/SRR13685180,SRX10074459,FEN_460_Pertusaria_obruta_Plate6_R1.fastq.gz,WGS,size fractionation,GENOMIC,PAIRED,0,0,ILLUMINA,NextSeq 550,SRP305791,PRJNA700635,,700635,SRS8233876,SAMN17834524,simple,2250598,Pertusaria obruta,FEN_460_Pertusaria_obruta,,,,,,,no,,,,,"UNIVERSITY OF COLORADO, BOULDER",SRA1194724,,public,41962A7055802E818BAC98C4C7A7C8ED,9FF08B4DB3DCCF623F85954A6FEC0282
SRR13685179,2021-02-11 08:06:42,2021-02-11 08:01:17,5935866,1792631532,5935866,302,766,,https://sra-download.ncbi.nlm.nih.gov/traces/sra57/SRR/013364/SRR13685179,SRX10074460,FEN_461_Parmotrema_cetratum_Plate6_R1.fastq.gz,WGS,size fractionation,GENOMIC,PAIRED,0,0,ILLUMINA,NextSeq 550,SRP305791,PRJNA700635,,700635,SRS8233877,SAMN17834515,simple,235861,Parmotrema cetratum,FEN_461_Parmotrema_cetratum,,,,,,,no,,,,,"UNIVERSITY OF COLORADO, BOULDER",SRA1194724,,public,D01C8ADEAE5C757B78F427A68B38F9AC,98E190ECC5E0766E7E11C50E866C033B
SRR13685178,2021-02-11 08:04:56,2021-02-11 08:02:06,6256834,1889563868,6256834,302,814,,https://sra-download.ncbi.nlm.nih.gov/traces/sra24/SRR/013364/SRR13685178,SRX10074461,FEN_464_Parmotrema_internexum_Plate6_R1.fastq.gz,WGS,size fractionation,GENOMIC,PAIRED,0,0,ILLUMINA,NextSeq 550,SRP305791,PRJNA700635,,700635,SRS8233878,SAMN17834518,simple,1450755,Parmotrema internexum,FEN_464_Parmotrema_internexum,,,,,,,no,,,,,"UNIVERSITY OF COLORADO, BOULDER",SRA1194724,,public,302DC499F126BDE9DD7243D95F8540F7,1E93B57F696B1870944B21B5B5D7C270
SRR13685176,2021-02-11 08:04:56,2021-02-11 08:01:04,7698004,2324797208,7698004,302,994,,https://sra-download.ncbi.nlm.nih.gov/traces/sra4/SRR/013364/SRR13685176,SRX10074463,FEN_472_Heterodermia_echinata_Plate6_R1.fastq.gz,WGS,size fractionation,GENOMIC,PAIRED,0,0,ILLUMINA,NextSeq 550,SRP305791,PRJNA700635,,700635,SRS8233881,SAMN17834500,simple,2479935,Heterodermia echinata,FEN_472_Heterodermia_echinata,,,,,,,no,,,,,"UNIVERSITY OF COLORADO, BOULDER",SRA1194724,,public,50A83D44BA4B9F6EF4BD739D7A0BA1A8,8F1513D91B54E2E557D0F9DACE78ECB3
SRR13685175,2021-02-11 08:04:56,2021-02-11 08:01:00,5537141,1672216582,5537141,302,716,,https://sra-download.ncbi.nlm.nih.gov/traces/sra20/SRR/013364/SRR13685175,SRX10074464,FEN_478_Parmotrema_austrosinense_Plate6_R1.fastq.gz,WGS,size fractionation,GENOMIC,PAIRED,0,0,ILLUMINA,NextSeq 550,SRP305791,PRJNA700635,,700635,SRS8233880,SAMN17834514,simple,235510,Parmotrema austrosinense,FEN_478_Parmotrema_austrosinense,,,,,,,no,,,,,"UNIVERSITY OF COLORADO, BOULDER",SRA1194724,,public,00FF2131ACB9E70C28A07E1A08F12054,232D3DA84087853BBFCD1CB0C7A2D38F
SRR13685174,2021-02-11 08:03:19,2021-02-11 08:01:35,6068239,1832608178,6068239,302,786,,https://sra-download.ncbi.nlm.nih.gov/traces/sra69/SRR/013364/SRR13685174,SRX10074465,FEN_486_Cladonia_leporina_Plate6_R1.fastq.gz,WGS,size fractionation,GENOMIC,PAIRED,0,0,ILLUMINA,NextSeq 550,SRP305791,PRJNA700635,,700635,SRS8233882,SAMN17834486,simple,195770,Cladonia leporina,FEN_486_Cladonia_leporina,,,,,,,no,,,,,"UNIVERSITY OF COLORADO, BOULDER",SRA1194724,,public,6F573F917BEFDFA543980C5D4EBC0471,E1590ABC4EFA2CEB5F643381D6C7061D
SRR13685172,2021-02-11 08:03:19,2021-02-11 08:00:43,5007639,1512306978,5007639,302,644,,https://sra-download.ncbi.nlm.nih.gov/traces/sra56/SRR/013364/SRR13685172,SRX10074467,FEN_492_Cladonia_caroliniana_Plate6_R1.fastq.gz,WGS,size fractionation,GENOMIC,PAIRED,0,0,ILLUMINA,NextSeq 550,SRP305791,PRJNA700635,,700635,SRS8233883,SAMN17834484,simple,174049,Cladonia caroliniana,FEN_492_Cladonia_caroliniana,,,,,,,no,,,,,"UNIVERSITY OF COLORADO, BOULDER",SRA1194724,,public,D702343EB1161D92C2C2E62CCEAF6CDB,F6BBDD23786CDE5B85C377F2F87ADAA0
SRR13685171,2021-02-11 08:04:56,2021-02-11 08:02:23,6609724,1996136648,6609724,302,851,,https://sra-download.ncbi.nlm.nih.gov/traces/sra29/SRR/013364/SRR13685171,SRX10074468,FEN_493_Cladonia_subtenuis_Plate6_R1.fastq.gz,WGS,size fractionation,GENOMIC,PAIRED,0,0,ILLUMINA,NextSeq 550,SRP305791,PRJNA700635,,700635,SRS8233885,SAMN17834492,simple,195789,Cladonia subtenuis,FEN_493_Cladonia_subtenuis,,,,,,,no,,,,,"UNIVERSITY OF COLORADO, BOULDER",SRA1194724,,public,C6EA1F5554C6838BD79B7AF0122CEDCE,65AC2C46794C1E38B5B67D09003BFB14
SRR13685170,2021-02-11 08:03:19,2021-02-11 08:00:41,4879885,1473725270,4879885,302,665,,https://sra-download.ncbi.nlm.nih.gov/traces/sra33/SRR/013364/SRR13685170,SRX10074469,FEN_496_Cladonia_robbinsii_Plate6_R1.fastq.gz,WGS,size fractionation,GENOMIC,PAIRED,0,0,ILLUMINA,NextSeq 550,SRP305791,PRJNA700635,,700635,SRS8233886,SAMN17834490,simple,174070,Cladonia robbinsii,FEN_496_Cladonia_robbinsii,,,,,,,no,,,,,"UNIVERSITY OF COLORADO, BOULDER",SRA1194724,,public,F6A8BC4041F96E987F8C4D98C2BD0F16,A39804FE94E52531B18CDC597855E854
SRR13685173,2021-02-11 08:03:19,2021-02-11 08:00:40,3231267,975842634,3231267,302,408,,https://sra-download.ncbi.nlm.nih.gov/traces/sra18/SRR/013364/SRR13685173,SRX10074466,FEN_49_Lepraria_oxybapha_Plate1_D5_R1.fastq.gz,WGS,size fractionation,GENOMIC,PAIRED,0,0,ILLUMINA,NextSeq 550,SRP305791,PRJNA700635,,700635,SRS8233884,SAMN17834509,simple,1225178,Lepraria oxybapha,FEN_49_Lepraria_oxybapha,,,,,,,no,,,,,"UNIVERSITY OF COLORADO, BOULDER",SRA1194724,,public,A300BC569E9CE20FDBA9824D573E9486,AFDD21E79E70189AC4328EB3F010C838
SRR13685169,2021-02-11 08:03:19,2021-02-11 08:01:46,7008988,2116714376,7008988,302,902,,https://sra-download.ncbi.nlm.nih.gov/traces/sra72/SRR/013364/SRR13685169,SRX10074470,FEN_508_Cladonia_furcata_Plate6_R1.fastq.gz,WGS,size fractionation,GENOMIC,PAIRED,0,0,ILLUMINA,NextSeq 550,SRP305791,PRJNA700635,,700635,SRS8233889,SAMN17834485,simple,174060,Cladonia furcata,FEN_508_Cladonia_furcata,,,,,,,no,,,,,"UNIVERSITY OF COLORADO, BOULDER",SRA1194724,,public,40672D082B467FD763B917E95BAE9352,5D0F19C4D65FD22CDAAB830E3CC1B91B
SRR13685168,2021-02-11 08:03:19,2021-02-11 08:00:49,5042402,1522805404,5042402,302,645,,https://sra-download.ncbi.nlm.nih.gov/traces/sra72/SRR/013364/SRR13685168,SRX10074471,FEN_55_Hypogymnia_vittata_Plate1_B6_R1.fastq.gz,WGS,size fractionation,GENOMIC,PAIRED,0,0,ILLUMINA,NextSeq 550,SRP305791,PRJNA700635,,700635,SRS8233887,SAMN17834504,simple,315943,Hypogymnia vittata,FEN_55_Hypogymnia_vittata,,,,,,,no,,,,,"UNIVERSITY OF COLORADO, BOULDER",SRA1194724,,public,C389FB146558835E29AFC0ADD8F59691,E190A383FAFE6B9B3F88E3B965860A0A
SRR13685167,2021-02-11 08:03:19,2021-02-11 08:00:42,4215448,1273065296,4215448,302,542,,https://sra-download.ncbi.nlm.nih.gov/traces/sra67/SRR/013364/SRR13685167,SRX10074472,FEN_56_Imshaugia_aleurites_Plate1_C6_R1.fastq.gz,WGS,size fractionation,GENOMIC,PAIRED,0,0,ILLUMINA,NextSeq 550,SRP305791,PRJNA700635,,700635,SRS8233888,SAMN17834506,simple,172621,Imshaugia aleurites,FEN_56_Imshaugia_aleurites,,,,,,,no,,,,,"UNIVERSITY OF COLORADO, BOULDER",SRA1194724,,public,DF75D186D80A92103A2686CE0163A014,D8B9FF0F74BF6C4A7726C0B0E0EAFF9B
SRR13685165,2021-02-11 08:00:18,2021-02-11 07:59:23,2411356,728229512,2411356,302,289,,https://sra-download.ncbi.nlm.nih.gov/traces/sra73/SRR/013364/SRR13685165,SRX10074474,FEN_63_Usnea_corntua_Plate1_B7_R1.fastq.gz,WGS,size fractionation,GENOMIC,PAIRED,0,0,ILLUMINA,NextSeq 550,SRP305791,PRJNA700635,,700635,SRS8233892,SAMN17834531,simple,264804,Usnea cornuta,FEN_63_Usnea_cornuta,,,,,,,no,,,,,"UNIVERSITY OF COLORADO, BOULDER",SRA1194724,,public,420E270C2A7859AB3214CD4B5D41FD5C,EDFCA1425F6F5FF5CAA5767DBCB04EC4
SRR13685164,2021-02-11 08:00:18,2021-02-11 07:59:19,2644192,798545984,2644192,302,321,,https://sra-download.ncbi.nlm.nih.gov/traces/sra68/SRR/013364/SRR13685164,SRX10074475,FEN_64_Usnea_ceratina_Plate1_C7_R1.fastq.gz,WGS,size fractionation,GENOMIC,PAIRED,0,0,ILLUMINA,NextSeq 550,SRP305791,PRJNA700635,,700635,SRS8233891,SAMN17834530,simple,142670,Usnea ceratina,FEN_64_Usnea_ceratina,,,,,,,no,,,,,"UNIVERSITY OF COLORADO, BOULDER",SRA1194724,,public,AC95A8E9C032D57831420E0E8E564260,980BED6ADB4BCEC2D75BD3310993B75A
SRR13685163,2021-02-11 07:59:33,2021-02-11 07:58:42,1645724,497008648,1645724,302,201,,https://sra-download.ncbi.nlm.nih.gov/traces/sra3/SRR/013364/SRR13685163,SRX10074476,FEN_66_Menegazzia_subsimilis_Plate1_D7_R1.fastq.gz,WGS,size fractionation,GENOMIC,PAIRED,0,0,ILLUMINA,NextSeq 550,SRP305791,PRJNA700635,,700635,SRS8233893,SAMN17834511,simple,1045801,Menegazzia subsimilis,FEN_66_Menegazzia_subsimilis,,,,,,,no,,,,,"UNIVERSITY OF COLORADO, BOULDER",SRA1194724,,public,132C04A82843654E2D4087D481FC808D,161E6C25693AE29E145FEABFFC8C5637
SRR13685162,2021-02-11 08:00:18,2021-02-11 07:58:55,1919260,579616520,1919260,302,234,,https://sra-download.ncbi.nlm.nih.gov/traces/sra5/SRR/013364/SRR13685162,SRX10074477,FEN_68_Usnea_subfusca_Plate1_F7_R1.fastq.gz,WGS,size fractionation,GENOMIC,PAIRED,0,0,ILLUMINA,NextSeq 550,SRP305791,PRJNA700635,,700635,SRS8233894,SAMN17834535,simple,2233981,Usnea subfusca,FEN_68_Usnea_subfusca,,,,,,,no,,,,,"UNIVERSITY OF COLORADO, BOULDER",SRA1194724,,public,8D08FE84E2830891CB3AC4207EA8E7ED,4CED70D76114845EF492D0113F3FCD52
SRR13685161,2021-02-11 08:00:18,2021-02-11 07:59:02,2082615,628949730,2082615,302,245,,https://sra-download.ncbi.nlm.nih.gov/traces/sra57/SRR/013364/SRR13685161,SRX10074478,FEN_74_Heterodermia_casarettiana_Plate1_D8_R1.fastq.gz,WGS,size fractionation,GENOMIC,PAIRED,0,0,ILLUMINA,NextSeq 550,SRP305791,PRJNA700635,,700635,SRS8233895,SAMN17834499,simple,365009,Heterodermia casarettiana,FEN_74_Heterodermia_casarettiana,,,,,,,no,,,,,"UNIVERSITY OF COLORADO, BOULDER",SRA1194724,,public,5B8639938E2670F0AE7805B13F40495D,AEE4782F6D535BDAAEDF3159D1D8256E
SRR13685160,2021-02-11 08:11:26,2021-02-11 08:08:42,11599623,3503086146,11599623,302,1338,,https://sra-download.ncbi.nlm.nih.gov/traces/sra50/SRR/013364/SRR13685160,SRX10074479,FEN_82_Arthonia_ruana_Plate3_A2_R1.fastq.gz,WGS,size fractionation,GENOMIC,PAIRED,0,0,ILLUMINA,NextSeq 550,SRP305791,PRJNA700635,,700635,SRS8233896,SAMN17834480,simple,2080612,Arthothelium ruanum,FEN_82_Arthonia_ruana,,,,,,,no,,,,,"UNIVERSITY OF COLORADO, BOULDER",SRA1194724,,public,B40BB33369872E152509AA8573160C92,6D5CF3142B6A1F7F643F847A9574B2DC
SRR13685159,2021-02-11 08:00:18,2021-02-11 07:59:06,1877941,567138182,1877941,302,231,,https://sra-download.ncbi.nlm.nih.gov/traces/sra13/SRR/013364/SRR13685159,SRX10074480,FEN_86_Icmadophila_ericetorum_Plate1_D9_R1.fastq.gz,WGS,size fractionation,GENOMIC,PAIRED,0,0,ILLUMINA,NextSeq 550,SRP305791,PRJNA700635,,700635,SRS8233898,SAMN17834505,simple,90408,Icmadophila ericetorum,FEN_86_Icmadophila_ericetorum,,,,,,,no,,,,,"UNIVERSITY OF COLORADO, BOULDER",SRA1194724,,public,3BD48AD044621A1D0DC2D951832EB296,71DF7FF7320FC9F201E93D4EF3F6E241
SRR13685158,2021-02-11 08:00:18,2021-02-11 07:58:52,2391128,722120656,2391128,302,289,,https://sra-download.ncbi.nlm.nih.gov/traces/sra34/SRR/013364/SRR13685158,SRX10074481,FEN_96_Phlyctis_boliviensis_Plate1_B10_R1.fastq.gz,WGS,size fractionation,GENOMIC,PAIRED,0,0,ILLUMINA,NextSeq 550,SRP305791,PRJNA700635,,700635,SRS8233897,SAMN17834528,simple,1983619,Phlyctis boliviensis,FEN_96_Phlyctis_boliviensis,,,,,,,no,,,,,"UNIVERSITY OF COLORADO, BOULDER",SRA1194724,,public,872F8C3755C4329BA8172155DDBF78DB,A5CD9BF8EF95A6011E55B578A0AA9798
SRR13685157,2021-02-11 08:00:18,2021-02-11 07:58:54,1973483,595991866,1973483,302,238,,https://sra-download.ncbi.nlm.nih.gov/traces/sra24/SRR/013364/SRR13685157,SRX10074482,FEN_97_Phyllopsora_corallina_Plate1_C10_R1.fastq.gz,WGS,size fractionation,GENOMIC,PAIRED,0,0,ILLUMINA,NextSeq 550,SRP305791,PRJNA700635,,700635,SRS8233899,SAMN17834529,simple,1986077,Phyllopsora corallina,FEN_97_Phyllopsora_corallina,,,,,,,no,,,,,"UNIVERSITY OF COLORADO, BOULDER",SRA1194724,,public,9CF982AB84DEA35BB0B111EAF65F7320,BCAE5BC6C4043F29C0EED7603789E1A7

