bin,median_cov
cov_private_GTX0158_concoct_bin.31.fa,433.0
cov_private_GTX0158_metawrap_bin.1.fa,8.0
cov_private_GTX0158_metawrap_bin.2.fa,21.0
cov_private_GTX0158_metawrap_bin.3.fa,10.0
cov_private_GTX0158_metawrap_bin.4.fa,13.0
cov_private_GTX0158_metawrap_bin.5.fa,169.0
cov_private_GTX0158_metawrap_bin.6.fa,196.0
cov_private_GTX0158_metawrap_bin.7.fa,8.0
cov_private_GTX0158_metawrap_bin.8.fa,5.0
cov_private_GTX0161_concoct_bin.0.fa,58.0
cov_private_GTX0161_concoct_merged.0.fa,329.0
cov_private_GTX0161_metawrap_bin.1.fa,55.0
cov_private_GTX0163_concoct_bin.14.fa,179.0
cov_private_GTX0163_concoct_bin.46.fa,11.0
cov_private_GTX0163_metawrap_bin.10.fa,16.0
cov_private_GTX0163_metawrap_bin.11.fa,9.0
cov_private_GTX0163_metawrap_bin.12.fa,15.0
cov_private_GTX0163_metawrap_bin.13.fa,17.0
cov_private_GTX0163_metawrap_bin.14.fa,7.0
cov_private_GTX0163_metawrap_bin.15.fa,11.0
cov_private_GTX0163_metawrap_bin.16.fa,20.0
cov_private_GTX0163_metawrap_bin.17.fa,10.0
cov_private_GTX0163_metawrap_bin.18.fa,27.0
cov_private_GTX0163_metawrap_bin.19.fa,5.0
cov_private_GTX0163_metawrap_bin.1.fa,9.0
cov_private_GTX0163_metawrap_bin.20.fa,6.0
cov_private_GTX0163_metawrap_bin.2.fa,6.0
cov_private_GTX0163_metawrap_bin.3.fa,7.0
cov_private_GTX0163_metawrap_bin.4.fa,5.0
cov_private_GTX0163_metawrap_bin.5.fa,11.0
cov_private_GTX0163_metawrap_bin.6.fa,7.0
cov_private_GTX0163_metawrap_bin.7.fa,6.0
cov_private_GTX0163_metawrap_bin.8.fa,12.0
cov_private_GTX0163_metawrap_bin.9.fa,33.0
cov_private_T1867_concoct_bin.8.fa,28.0
cov_private_T1867_metabat2_bin.4.fa,40.0
cov_private_T1867_metawrap_bin.1.fa,7.0
cov_private_T1867_metawrap_bin.2.fa,10.0
cov_private_T1867_metawrap_bin.3.fa,5.0
cov_private_T1867_metawrap_bin.4.fa,5.0
cov_private_T1868_concoct_bin.12.fa,26.0
cov_private_T1868_metawrap_bin.1.fa,10.0
cov_private_T1868_metawrap_bin.2.fa,7.0
cov_private_T1868_metawrap_bin.4.fa,9.0
cov_private_T1868_metawrap_bin.5.fa,9.0
cov_private_T1881_metabat2_bin.1.fa,54.0
cov_private_T1881_metabat2_bin.5.fa,450.0
cov_private_T1882_concoct_bin.24.fa,337.0
cov_private_T1882_metabat2_merged.0.fa,10.0
cov_private_T1887_metabat2_bin.36.fa,616.0
cov_private_T1887_metawrap_bin.10.fa,8.0
cov_private_T1887_metawrap_bin.11.fa,13.0
cov_private_T1887_metawrap_bin.12.fa,12.0
cov_private_T1887_metawrap_bin.13.fa,7.0
cov_private_T1887_metawrap_bin.14.fa,8.0
cov_private_T1887_metawrap_bin.15.fa,24.0
cov_private_T1887_metawrap_bin.16.fa,69.0
cov_private_T1887_metawrap_bin.17.fa,44.0
cov_private_T1887_metawrap_bin.18.fa,8.0
cov_private_T1887_metawrap_bin.1.fa,79.0
cov_private_T1887_metawrap_bin.2.fa,5.0
cov_private_T1887_metawrap_bin.3.fa,13.0
cov_private_T1887_metawrap_bin.4.fa,17.0
cov_private_T1887_metawrap_bin.5.fa,9.0
cov_private_T1887_metawrap_bin.6.fa,29.0
cov_private_T1887_metawrap_bin.7.fa,16.0
cov_private_T1887_metawrap_bin.8.fa,88.0
cov_private_T1887_metawrap_bin.9.fa,60.0
cov_private_T1888_metabat2_bin.51.fa,465.0
cov_private_T1888_metabat2_bin.52.fa,9.0
cov_private_T1888_metawrap_bin.10.fa,21.0
cov_private_T1888_metawrap_bin.11.fa,32.0
cov_private_T1888_metawrap_bin.12.fa,46.0
cov_private_T1888_metawrap_bin.13.fa,6.0
cov_private_T1888_metawrap_bin.14.fa,21.0
cov_private_T1888_metawrap_bin.15.fa,8.0
cov_private_T1888_metawrap_bin.16.fa,50.0
cov_private_T1888_metawrap_bin.17.fa,13.0
cov_private_T1888_metawrap_bin.18.fa,39.0
cov_private_T1888_metawrap_bin.19.fa,25.0
cov_private_T1888_metawrap_bin.1.fa,95.0
cov_private_T1888_metawrap_bin.20.fa,6.0
cov_private_T1888_metawrap_bin.21.fa,57.0
cov_private_T1888_metawrap_bin.22.fa,235.0
cov_private_T1888_metawrap_bin.2.fa,7.0
cov_private_T1888_metawrap_bin.3.fa,64.0
cov_private_T1888_metawrap_bin.4.fa,28.0
cov_private_T1888_metawrap_bin.5.fa,7.0
cov_private_T1888_metawrap_bin.6.fa,63.0
cov_private_T1888_metawrap_bin.7.fa,10.0
cov_private_T1888_metawrap_bin.8.fa,37.0
cov_private_T1888_metawrap_bin.9.fa,43.0
cov_private_T1889_concoct_bin.13.fa,561.0
cov_private_T1889_concoct_bin.16.fa,9.0
cov_private_T1889_concoct_merged.0.fa,5.0
cov_private_T1889_metawrap_bin.1.fa,21.0
cov_private_T1889_metawrap_bin.2.fa,202.0
cov_private_T1889_metawrap_bin.3.fa,23.0
cov_private_T1889_metawrap_bin.4.fa,11.0
cov_private_T1889_metawrap_bin.5.fa,12.0
cov_private_T1889_metawrap_bin.6.fa,20.0
cov_private_T1889_metawrap_bin.7.fa,8.0
cov_private_T1889_metawrap_bin.8.fa,6.0
cov_private_T1894_concoct_bin.66.fa,23.0
cov_private_T1894_metabat2_bin.4.fa,359.0
cov_private_T1894_metawrap_bin.10.fa,34.0
cov_private_T1894_metawrap_bin.11.fa,56.0
cov_private_T1894_metawrap_bin.12.fa,16.0
cov_private_T1894_metawrap_bin.13.fa,16.0
cov_private_T1894_metawrap_bin.14.fa,25.0
cov_private_T1894_metawrap_bin.1.fa,33.0
cov_private_T1894_metawrap_bin.2.fa,7.0
cov_private_T1894_metawrap_bin.3.fa,50.0
cov_private_T1894_metawrap_bin.4.fa,166.0
cov_private_T1894_metawrap_bin.5.fa,6.0
cov_private_T1894_metawrap_bin.6.fa,5.0
cov_private_T1894_metawrap_bin.7.fa,43.0
cov_private_T1894_metawrap_bin.8.fa,115.0
cov_private_T1894_metawrap_bin.9.fa,19.0
cov_private_T1904_concoct_bin.11.fa,7.0
cov_private_T1904_concoct_bin.38.fa,41.0
cov_private_T1904_metabat2_bin.21.fa,423.0
cov_private_T1904_metawrap_bin.1.fa,356.0
cov_private_T1904_metawrap_bin.2.fa,8.0
cov_private_T1904_metawrap_bin.3.fa,37.0
cov_private_T1904_metawrap_bin.4.fa,20.0
cov_private_T1904_metawrap_bin.5.fa,10.0
cov_private_T1904_metawrap_bin.6.fa,85.0
cov_private_T1904_metawrap_bin.7.fa,7.0
cov_private_T1904_metawrap_bin.8.fa,19.0
cov_private_T1912_concoct_bin.0.fa,8.0
cov_private_T1912_concoct_bin.14.fa,174.0
cov_private_T1914_concoct_bin.18.fa,19.0
cov_private_T1914_concoct_bin.19.fa,8.0
cov_private_T1914_metabat2_bin.5.fa,196.0
cov_private_T1914_metawrap_bin.1.fa,5.0
cov_private_T1914_metawrap_bin.2.fa,12.0
cov_private_T1914_metawrap_bin.3.fa,18.0
cov_private_T1914_metawrap_bin.4.fa,18.0
cov_private_T1916_concoct_bin.29.fa,334.0
cov_private_T1916_metawrap_bin.10.fa,11.0
cov_private_T1916_metawrap_bin.11.fa,8.0
cov_private_T1916_metawrap_bin.12.fa,18.0
cov_private_T1916_metawrap_bin.13.fa,9.0
cov_private_T1916_metawrap_bin.14.fa,22.0
cov_private_T1916_metawrap_bin.15.fa,7.0
cov_private_T1916_metawrap_bin.16.fa,6.0
cov_private_T1916_metawrap_bin.1.fa,14.0
cov_private_T1916_metawrap_bin.2.fa,54.0
cov_private_T1916_metawrap_bin.3.fa,10.0
cov_private_T1916_metawrap_bin.4.fa,11.0
cov_private_T1916_metawrap_bin.5.fa,16.0
cov_private_T1916_metawrap_bin.6.fa,19.0
cov_private_T1916_metawrap_bin.7.fa,7.0
cov_private_T1916_metawrap_bin.8.fa,10.0
cov_private_T1916_metawrap_bin.9.fa,10.0
cov_private_TS1974_concoct_bin.10.fa,88.0
cov_private_TS1974_concoct_bin.29.fa,26.0
cov_private_TS1974_metawrap_bin.10.fa,8.0
cov_private_TS1974_metawrap_bin.12.fa,120.0
cov_private_TS1974_metawrap_bin.13.fa,7.0
cov_private_TS1974_metawrap_bin.1.fa,15.0
cov_private_TS1974_metawrap_bin.2.fa,11.0
cov_private_TS1974_metawrap_bin.3.fa,126.0
cov_private_TS1974_metawrap_bin.4.fa,23.0
cov_private_TS1974_metawrap_bin.5.fa,136.0
cov_private_TS1974_metawrap_bin.6.fa,39.0
cov_private_TS1974_metawrap_bin.7.fa,7.0
cov_private_TS1974_metawrap_bin.8.fa,34.0
cov_private_TS1974_metawrap_bin.9.fa,63.0
cov_private_VT12_concoct_bin.10.fa,88.0
cov_private_VT12_metawrap_bin.1.fa,9.0
cov_private_VT12_metawrap_bin.2.fa,8.0
cov_private_VT15_metabat2_bin.1.fa,88.0
cov_private_VT15_metawrap_bin.1.fa,10.0
cov_private_VT15_metawrap_bin.2.fa,7.0
cov_private_VT16_concoct_bin.11.fa,63.0
cov_private_VT16_metawrap_bin.1.fa,18.0
cov_private_VT16_metawrap_bin.2.fa,5.0
cov_private_VT16_metawrap_bin.3.fa,5.0
cov_private_VT16_metawrap_bin.4.fa,25.0
cov_private_VT16_metawrap_bin.5.fa,4.0
cov_private_VT19_concoct_bin.7.fa,120.0
cov_private_VT19_metawrap_bin.1.fa,6.0
cov_private_VT1_metabat2_bin.10.fa,80.0
cov_private_VT1_metawrap_bin.1.fa,44.0
cov_private_VT1_metawrap_bin.2.fa,11.0
cov_private_VT1_metawrap_bin.3.fa,21.0
cov_private_VT22_concoct_bin.7.fa,22.0
cov_private_VT22_metawrap_bin.10.fa,7.0
cov_private_VT22_metawrap_bin.11.fa,18.0
cov_private_VT22_metawrap_bin.12.fa,12.0
cov_private_VT22_metawrap_bin.1.fa,4.0
cov_private_VT22_metawrap_bin.2.fa,5.0
cov_private_VT22_metawrap_bin.3.fa,7.0
cov_private_VT22_metawrap_bin.4.fa,25.0
cov_private_VT22_metawrap_bin.5.fa,6.0
cov_private_VT22_metawrap_bin.6.fa,23.0
cov_private_VT22_metawrap_bin.7.fa,9.0
cov_private_VT22_metawrap_bin.8.fa,7.0
cov_private_VT22_metawrap_bin.9.fa,9.0
cov_private_VT26_concoct_bin.9.fa,85.0
cov_private_VT26_metawrap_bin.1.fa,20.0
cov_private_VT26_metawrap_bin.2.fa,10.0
cov_private_VT26_metawrap_bin.3.fa,18.0
cov_private_VT2_concoct_bin.17.fa,130.0
cov_private_VT2_metawrap_bin.1.fa,11.0
cov_private_VT2_metawrap_bin.2.fa,49.0
cov_private_VT2_metawrap_bin.3.fa,9.0
cov_private_VT2_metawrap_bin.4.fa,6.0
cov_private_VT2_metawrap_bin.5.fa,20.0
cov_private_VT2_metawrap_bin.6.fa,7.0
cov_private_VT31_metabat2_bin.4.fa,78.0
cov_private_VT33_concoct_bin.0.fa,96.0
cov_private_VT33_metawrap_bin.1.fa,4.0
cov_private_VT34_metabat2_bin.11.fa,58.0
cov_private_VT34_metawrap_bin.1.fa,6.0
cov_private_VT34_metawrap_bin.2.fa,24.0
cov_private_VT34_metawrap_bin.3.fa,64.0
cov_private_VT34_metawrap_bin.4.fa,16.0
cov_private_VT38_concoct_bin.3.fa,57.0
cov_private_VT38_concoct_bin.4.fa,8.0
cov_private_VT38_metawrap_bin.1.fa,6.0
cov_private_X10_concoct_bin.0.fa,118.0
cov_private_X10_concoct_bin.7.fa,12.0
cov_private_X11_concoct_bin.15.fa,8.0
cov_private_X11_metabat2_bin.10.fa,145.0
cov_private_X11_metawrap_bin.1.fa,45.0
cov_private_X11_metawrap_bin.2.fa,21.0
cov_private_X11_metawrap_bin.3.fa,25.0
cov_private_X11_metawrap_bin.4.fa,6.0
cov_private_X12_concoct_bin.4.fa,149.0
cov_private_X12_metawrap_bin.1.fa,4.0
cov_private_X13_concoct_bin.5.fa,409.0
cov_private_X14_concoct_bin.2.fa,166.0
cov_private_X15_concoct_bin.2.fa,310.0
cov_private_X15_metawrap_bin.1.fa,6.0
cov_private_X15_metawrap_bin.2.fa,14.0
cov_private_X16_concoct_bin.2.fa,64.0
cov_private_X16_metawrap_bin.10.fa,11.0
cov_private_X16_metawrap_bin.11.fa,4.0
cov_private_X16_metawrap_bin.12.fa,4.0
cov_private_X16_metawrap_bin.13.fa,10.0
cov_private_X16_metawrap_bin.14.fa,11.0
cov_private_X16_metawrap_bin.15.fa,6.0
cov_private_X16_metawrap_bin.16.fa,9.0
cov_private_X16_metawrap_bin.17.fa,10.0
cov_private_X16_metawrap_bin.18.fa,4.0
cov_private_X16_metawrap_bin.19.fa,6.0
cov_private_X16_metawrap_bin.1.fa,68.0
cov_private_X16_metawrap_bin.20.fa,6.0
cov_private_X16_metawrap_bin.21.fa,5.0
cov_private_X16_metawrap_bin.22.fa,17.0
cov_private_X16_metawrap_bin.23.fa,13.0
cov_private_X16_metawrap_bin.24.fa,5.0
cov_private_X16_metawrap_bin.25.fa,4.0
cov_private_X16_metawrap_bin.26.fa,51.0
cov_private_X16_metawrap_bin.27.fa,6.0
cov_private_X16_metawrap_bin.28.fa,5.0
cov_private_X16_metawrap_bin.29.fa,39.0
cov_private_X16_metawrap_bin.2.fa,5.0
cov_private_X16_metawrap_bin.30.fa,10.0
cov_private_X16_metawrap_bin.31.fa,9.0
cov_private_X16_metawrap_bin.3.fa,12.0
cov_private_X16_metawrap_bin.4.fa,9.0
cov_private_X16_metawrap_bin.5.fa,11.0
cov_private_X16_metawrap_bin.6.fa,15.0
cov_private_X16_metawrap_bin.7.fa,6.0
cov_private_X16_metawrap_bin.8.fa,77.0
cov_private_X16_metawrap_bin.9.fa,7.0
cov_private_X1_concoct_bin.0.fa,5.0
cov_private_X1_concoct_bin.13.fa,207.0
cov_private_X1_metabat2_bin.11.fa,7.0
cov_private_X1_metawrap_bin.1.fa,47.0
cov_private_X2_concoct_bin.0.fa,203.0
cov_private_X2_concoct_bin.1.fa,16.0
cov_private_X3_concoct_bin.10.fa,207.0
cov_private_X3_metawrap_bin.1.fa,47.0
cov_private_X3_metawrap_bin.2.fa,39.0
cov_private_X3_metawrap_bin.3.fa,10.0
cov_private_X3_metawrap_bin.4.fa,14.0
cov_private_X3_metawrap_bin.5.fa,6.0
cov_private_X3_metawrap_bin.6.fa,29.0
cov_private_X4_concoct_bin.17.fa,64.0
cov_private_X4_metawrap_bin.10.fa,4.0
cov_private_X4_metawrap_bin.11.fa,6.0
cov_private_X4_metawrap_bin.12.fa,8.0
cov_private_X4_metawrap_bin.13.fa,8.0
cov_private_X4_metawrap_bin.14.fa,8.0
cov_private_X4_metawrap_bin.15.fa,4.0
cov_private_X4_metawrap_bin.1.fa,10.0
cov_private_X4_metawrap_bin.2.fa,14.0
cov_private_X4_metawrap_bin.3.fa,7.0
cov_private_X4_metawrap_bin.4.fa,7.0
cov_private_X4_metawrap_bin.5.fa,5.0
cov_private_X4_metawrap_bin.6.fa,473.0
cov_private_X4_metawrap_bin.7.fa,8.0
cov_private_X4_metawrap_bin.8.fa,6.0
cov_private_X4_metawrap_bin.9.fa,14.0
cov_private_X5_concoct_bin.21.fa,60.0
cov_private_X5_metawrap_bin.1.fa,462.0
cov_private_X5_metawrap_bin.2.fa,5.0
cov_private_X5_metawrap_bin.3.fa,5.0
cov_private_X5_metawrap_bin.4.fa,4.0
cov_private_X5_metawrap_bin.5.fa,4.0
cov_private_X5_metawrap_bin.6.fa,7.0
cov_private_X5_metawrap_bin.7.fa,7.0
cov_private_X7_concoct_bin.1.fa,164.0
cov_private_X7_metabat2_bin.4.fa,7.0
cov_private_X8_concoct_bin.23.fa,228.0
cov_private_X8_metabat2_bin.7.fa,4.0
cov_private_X8_metawrap_bin.1.fa,18.0
cov_private_X8_metawrap_bin.2.fa,4.0
cov_private_X9_concoct_bin.20.fa,176.0
cov_private_X9_metawrap_bin.1.fa,30.0
cov_public_ERR4179389_metabat2_bin.32.fa,55.0
cov_public_ERR4179389_metawrap_bin.1.fa,28.0
cov_public_ERR4179389_metawrap_bin.2.fa,21.0
cov_public_ERR4179389_metawrap_bin.3.fa,12.0
cov_public_ERR4179389_metawrap_bin.4.fa,20.0
cov_public_ERR4179389_metawrap_bin.5.fa,18.0
cov_public_ERR4179389_metawrap_bin.6.fa,10.0
cov_public_ERR4179389_metawrap_bin.7.fa,7.0
cov_public_ERR4179389_metawrap_bin.8.fa,6.0
cov_public_ERR4179389_metawrap_bin.9.fa,12.0
cov_public_ERR4179390_concoct_bin.45.fa,19.0
cov_public_ERR4179390_concoct_bin.75.fa,14.0
cov_public_ERR4179390_metabat2_bin.28.fa,183.0
cov_public_ERR4179390_metabat2_bin.6.fa,7.0
cov_public_ERR4179390_metawrap_bin.10.fa,29.0
cov_public_ERR4179390_metawrap_bin.11.fa,48.0
cov_public_ERR4179390_metawrap_bin.12.fa,8.0
cov_public_ERR4179390_metawrap_bin.13.fa,17.0
cov_public_ERR4179390_metawrap_bin.14.fa,19.0
cov_public_ERR4179390_metawrap_bin.15.fa,11.0
cov_public_ERR4179390_metawrap_bin.16.fa,14.0
cov_public_ERR4179390_metawrap_bin.17.fa,41.0
cov_public_ERR4179390_metawrap_bin.18.fa,89.0
cov_public_ERR4179390_metawrap_bin.1.fa,25.0
cov_public_ERR4179390_metawrap_bin.2.fa,28.0
cov_public_ERR4179390_metawrap_bin.3.fa,11.0
cov_public_ERR4179390_metawrap_bin.4.fa,7.0
cov_public_ERR4179390_metawrap_bin.5.fa,27.0
cov_public_ERR4179390_metawrap_bin.6.fa,22.0
cov_public_ERR4179390_metawrap_bin.7.fa,13.0
cov_public_ERR4179390_metawrap_bin.8.fa,35.0
cov_public_ERR4179390_metawrap_bin.9.fa,9.0
cov_public_ERR4179391_metawrap_bin.1.fa,15.0
cov_public_ERR4179391_metawrap_bin.2.fa,5.0
cov_public_ERR4179391_metawrap_bin.3.fa,7.0
cov_public_ERR4179391_metawrap_bin.4.fa,8.0
cov_public_ERR4179391_metawrap_bin.5.fa,15.0
cov_public_ERR4179391_metawrap_bin.6.fa,7.0
cov_public_ERR4179391_metawrap_bin.7.fa,9.0
cov_public_ERR4179391_metawrap_bin.8.fa,7.0
cov_public_ERR4179391_metawrap_bin.9.fa,14.0
cov_public_SRR11456913_concoct_bin.13.fa,71.0
cov_public_SRR11456913_metawrap_bin.10.fa,6.0
cov_public_SRR11456913_metawrap_bin.11.fa,185.0
cov_public_SRR11456913_metawrap_bin.12.fa,6.0
cov_public_SRR11456913_metawrap_bin.13.fa,10.0
cov_public_SRR11456913_metawrap_bin.14.fa,13.0
cov_public_SRR11456913_metawrap_bin.15.fa,30.0
cov_public_SRR11456913_metawrap_bin.16.fa,11.0
cov_public_SRR11456913_metawrap_bin.17.fa,8.0
cov_public_SRR11456913_metawrap_bin.18.fa,9.0
cov_public_SRR11456913_metawrap_bin.19.fa,19.0
cov_public_SRR11456913_metawrap_bin.1.fa,10.0
cov_public_SRR11456913_metawrap_bin.20.fa,5.0
cov_public_SRR11456913_metawrap_bin.21.fa,29.0
cov_public_SRR11456913_metawrap_bin.22.fa,7.0
cov_public_SRR11456913_metawrap_bin.23.fa,30.0
cov_public_SRR11456913_metawrap_bin.24.fa,8.0
cov_public_SRR11456913_metawrap_bin.25.fa,49.0
cov_public_SRR11456913_metawrap_bin.26.fa,10.0
cov_public_SRR11456913_metawrap_bin.2.fa,6.0
cov_public_SRR11456913_metawrap_bin.3.fa,23.0
cov_public_SRR11456913_metawrap_bin.4.fa,4.0
cov_public_SRR11456913_metawrap_bin.5.fa,6.0
cov_public_SRR11456913_metawrap_bin.6.fa,13.0
cov_public_SRR11456913_metawrap_bin.7.fa,8.0
cov_public_SRR11456913_metawrap_bin.8.fa,18.0
cov_public_SRR11456913_metawrap_bin.9.fa,5.0
cov_public_SRR11456914_concoct_merged.0.fa,262.0
cov_public_SRR11456914_metawrap_bin.10.fa,8.0
cov_public_SRR11456914_metawrap_bin.11.fa,7.0
cov_public_SRR11456914_metawrap_bin.12.fa,40.0
cov_public_SRR11456914_metawrap_bin.13.fa,12.0
cov_public_SRR11456914_metawrap_bin.14.fa,11.0
cov_public_SRR11456914_metawrap_bin.15.fa,8.0
cov_public_SRR11456914_metawrap_bin.16.fa,4.0
cov_public_SRR11456914_metawrap_bin.17.fa,15.0
cov_public_SRR11456914_metawrap_bin.18.fa,32.0
cov_public_SRR11456914_metawrap_bin.19.fa,8.0
cov_public_SRR11456914_metawrap_bin.1.fa,5.0
cov_public_SRR11456914_metawrap_bin.20.fa,14.0
cov_public_SRR11456914_metawrap_bin.21.fa,9.0
cov_public_SRR11456914_metawrap_bin.22.fa,5.0
cov_public_SRR11456914_metawrap_bin.23.fa,5.0
cov_public_SRR11456914_metawrap_bin.24.fa,17.0
cov_public_SRR11456914_metawrap_bin.25.fa,13.0
cov_public_SRR11456914_metawrap_bin.2.fa,14.0
cov_public_SRR11456914_metawrap_bin.3.fa,6.0
cov_public_SRR11456914_metawrap_bin.4.fa,5.0
cov_public_SRR11456914_metawrap_bin.5.fa,8.0
cov_public_SRR11456914_metawrap_bin.6.fa,378.0
cov_public_SRR11456914_metawrap_bin.7.fa,9.0
cov_public_SRR11456914_metawrap_bin.8.fa,14.0
cov_public_SRR11456914_metawrap_bin.9.fa,64.0
cov_public_SRR11456915_concoct_bin.5.fa,13.0
cov_public_SRR11456915_metabat2_merged.0.fa,60.0
cov_public_SRR11456915_metawrap_bin.10.fa,7.0
cov_public_SRR11456915_metawrap_bin.1.fa,5.0
cov_public_SRR11456915_metawrap_bin.2.fa,7.0
cov_public_SRR11456915_metawrap_bin.3.fa,69.0
cov_public_SRR11456915_metawrap_bin.4.fa,11.0
cov_public_SRR11456915_metawrap_bin.5.fa,11.0
cov_public_SRR11456915_metawrap_bin.6.fa,17.0
cov_public_SRR11456915_metawrap_bin.7.fa,5.0
cov_public_SRR11456915_metawrap_bin.8.fa,46.0
cov_public_SRR11456915_metawrap_bin.9.fa,7.0
cov_public_SRR11456917_metabat2_merged.0.fa,45.0
cov_public_SRR11456917_metawrap_bin.1.fa,5.0
cov_public_SRR11456917_metawrap_bin.2.fa,8.0
cov_public_SRR11456917_metawrap_bin.3.fa,5.0
cov_public_SRR11456918_metabat2_merged.0.fa,59.0
cov_public_SRR11456918_metawrap_bin.1.fa,6.0
cov_public_SRR11456918_metawrap_bin.2.fa,8.0
cov_public_SRR11456918_metawrap_bin.3.fa,137.0
cov_public_SRR11456918_metawrap_bin.4.fa,18.0
cov_public_SRR11456918_metawrap_bin.5.fa,9.0
cov_public_SRR11456918_metawrap_bin.6.fa,5.0
cov_public_SRR11456918_metawrap_bin.7.fa,20.0
cov_public_SRR11456918_metawrap_bin.8.fa,21.0
cov_public_SRR11456919_concoct_bin.22.fa,55.0
cov_public_SRR11456919_metabat2_bin.15.fa,42.0
cov_public_SRR11456919_metawrap_bin.10.fa,8.0
cov_public_SRR11456919_metawrap_bin.11.fa,15.0
cov_public_SRR11456919_metawrap_bin.12.fa,7.0
cov_public_SRR11456919_metawrap_bin.13.fa,11.0
cov_public_SRR11456919_metawrap_bin.14.fa,6.0
cov_public_SRR11456919_metawrap_bin.15.fa,5.0
cov_public_SRR11456919_metawrap_bin.1.fa,9.0
cov_public_SRR11456919_metawrap_bin.2.fa,20.0
cov_public_SRR11456919_metawrap_bin.3.fa,12.0
cov_public_SRR11456919_metawrap_bin.4.fa,6.0
cov_public_SRR11456919_metawrap_bin.5.fa,39.0
cov_public_SRR11456919_metawrap_bin.6.fa,7.0
cov_public_SRR11456919_metawrap_bin.7.fa,5.0
cov_public_SRR11456919_metawrap_bin.8.fa,7.0
cov_public_SRR11456919_metawrap_bin.9.fa,7.0
cov_public_SRR11456921_concoct_merged.0.fa,111.0
cov_public_SRR11456921_metabat2_merged.0.fa,114.0
cov_public_SRR11456921_metawrap_bin.10.fa,13.0
cov_public_SRR11456921_metawrap_bin.11.fa,17.0
cov_public_SRR11456921_metawrap_bin.12.fa,25.0
cov_public_SRR11456921_metawrap_bin.13.fa,8.0
cov_public_SRR11456921_metawrap_bin.14.fa,17.0
cov_public_SRR11456921_metawrap_bin.15.fa,6.0
cov_public_SRR11456921_metawrap_bin.16.fa,10.0
cov_public_SRR11456921_metawrap_bin.17.fa,6.0
cov_public_SRR11456921_metawrap_bin.18.fa,30.0
cov_public_SRR11456921_metawrap_bin.19.fa,33.0
cov_public_SRR11456921_metawrap_bin.1.fa,7.0
cov_public_SRR11456921_metawrap_bin.20.fa,21.0
cov_public_SRR11456921_metawrap_bin.21.fa,7.0
cov_public_SRR11456921_metawrap_bin.22.fa,5.0
cov_public_SRR11456921_metawrap_bin.23.fa,14.0
cov_public_SRR11456921_metawrap_bin.24.fa,8.0
cov_public_SRR11456921_metawrap_bin.25.fa,12.0
cov_public_SRR11456921_metawrap_bin.2.fa,10.0
cov_public_SRR11456921_metawrap_bin.3.fa,252.0
cov_public_SRR11456921_metawrap_bin.4.fa,5.0
cov_public_SRR11456921_metawrap_bin.5.fa,8.0
cov_public_SRR11456921_metawrap_bin.6.fa,24.0
cov_public_SRR11456921_metawrap_bin.7.fa,36.0
cov_public_SRR11456921_metawrap_bin.8.fa,9.0
cov_public_SRR11456921_metawrap_bin.9.fa,16.0
cov_public_SRR11456922_metabat2_merged.1.fa,25.0
cov_public_SRR11456922_metawrap_bin.10.fa,378.0
cov_public_SRR11456922_metawrap_bin.1.fa,27.0
cov_public_SRR11456922_metawrap_bin.2.fa,24.0
cov_public_SRR11456922_metawrap_bin.3.fa,14.0
cov_public_SRR11456922_metawrap_bin.4.fa,13.0
cov_public_SRR11456922_metawrap_bin.5.fa,7.0
cov_public_SRR11456922_metawrap_bin.6.fa,39.0
cov_public_SRR11456922_metawrap_bin.7.fa,9.0
cov_public_SRR11456922_metawrap_bin.8.fa,18.0
cov_public_SRR11456922_metawrap_bin.9.fa,18.0
cov_public_SRR11456923_metabat2_merged.0.fa,24.0
cov_public_SRR11456923_metawrap_bin.1.fa,5.0
cov_public_SRR11456923_metawrap_bin.2.fa,8.0
cov_public_SRR11456923_metawrap_bin.3.fa,12.0
cov_public_SRR11456923_metawrap_bin.4.fa,10.0
cov_public_SRR11456923_metawrap_bin.5.fa,8.0
cov_public_SRR11456923_metawrap_bin.6.fa,27.0
cov_public_SRR11456923_metawrap_bin.7.fa,215.0
cov_public_SRR12240174_metabat2_bin.2.fa,8.0
cov_public_SRR12240174_metawrap_bin.1.fa,7.0
cov_public_SRR12240174_metawrap_bin.2.fa,5.0
cov_public_SRR12240174_metawrap_bin.3.fa,10.0
cov_public_SRR12240175_concoct_merged.0.fa,11.0
cov_public_SRR12240177_metabat2_bin.4.fa,21.0
cov_public_SRR12240177_metawrap_bin.1.fa,4.0
cov_public_SRR12240177_metawrap_bin.2.fa,8.0
cov_public_SRR12240177_metawrap_bin.3.fa,5.0
cov_public_SRR12240178_metabat2_bin.6.fa,14.0
cov_public_SRR12240179_concoct_bin.1.fa,21.0
cov_public_SRR12240179_metawrap_bin.1.fa,6.0
cov_public_SRR12240179_metawrap_bin.2.fa,9.0
cov_public_SRR12240179_metawrap_bin.3.fa,8.0
cov_public_SRR12240180_concoct_bin.4.fa,45.0
cov_public_SRR12240180_metawrap_bin.1.fa,8.0
cov_public_SRR12240180_metawrap_bin.2.fa,5.0
cov_public_SRR12240180_metawrap_bin.3.fa,4.0
cov_public_SRR12240181_metabat2_bin.5.fa,18.0
cov_public_SRR12240181_metawrap_bin.1.fa,15.0
cov_public_SRR12240181_metawrap_bin.2.fa,20.0
cov_public_SRR12240181_metawrap_bin.3.fa,8.0
cov_public_SRR12240182_metabat2_bin.7.fa,19.0
cov_public_SRR12240182_metawrap_bin.1.fa,14.0
cov_public_SRR12240182_metawrap_bin.2.fa,7.0
cov_public_SRR12240182_metawrap_bin.3.fa,10.0
cov_public_SRR12240182_metawrap_bin.4.fa,9.0
cov_public_SRR12240183_metabat2_bin.10.fa,30.0
cov_public_SRR12240183_metawrap_bin.1.fa,6.0
cov_public_SRR12240183_metawrap_bin.2.fa,10.0
cov_public_SRR12240183_metawrap_bin.3.fa,5.0
cov_public_SRR12240183_metawrap_bin.4.fa,6.0
cov_public_SRR12240184_concoct_bin.17.fa,4.0
cov_public_SRR12240184_metawrap_bin.1.fa,4.0
cov_public_SRR12240184_metawrap_bin.2.fa,6.0
cov_public_SRR12240184_metawrap_bin.3.fa,9.0
cov_public_SRR12240184_metawrap_bin.4.fa,7.0
cov_public_SRR12240184_metawrap_bin.5.fa,9.0
cov_public_SRR12240185_concoct_bin.1.fa,44.0
cov_public_SRR12240187_metabat2_bin.8.fa,13.0
cov_public_SRR12240187_metawrap_bin.1.fa,7.0
cov_public_SRR12240188_concoct_bin.1.fa,21.0
cov_public_SRR12240188_metawrap_bin.1.fa,5.0
cov_public_SRR12240188_metawrap_bin.2.fa,5.0
cov_public_SRR13125477_concoct_bin.14.fa,266.0
cov_public_SRR13125477_metabat2_bin.13.fa,6.0
cov_public_SRR13125477_metawrap_bin.1.fa,10.0
cov_public_SRR13125477_metawrap_bin.2.fa,18.0
cov_public_SRR13125477_metawrap_bin.3.fa,7.0
cov_public_SRR13125477_metawrap_bin.4.fa,6.0
cov_public_SRR13125477_metawrap_bin.5.fa,26.0
cov_public_SRR13125762_concoct_bin.37.fa,158.0
cov_public_SRR13125762_concoct_merged.0.fa,6.0
cov_public_SRR13125985_concoct_bin.8.fa,9.0
cov_public_SRR13126647_concoct_merged.0.fa,5.0
cov_public_SRR13126796_metabat2_bin.1.fa,8.0
cov_public_SRR13126796_metawrap_bin.1.fa,7.0
cov_public_SRR13126828_metabat2_bin.1.fa,9.0
cov_public_SRR13126859_metabat2_bin.7.fa,33.0
cov_public_SRR13126859_metawrap_bin.1.fa,20.0
cov_public_SRR13126859_metawrap_bin.2.fa,13.0
cov_public_SRR13126859_metawrap_bin.3.fa,6.0
cov_public_SRR13167197_metabat2_bin.1.fa,10.0
cov_public_SRR13685140_metabat2_bin.1.fa,30.0
cov_public_SRR13685154_metabat2_bin.1.fa,14.0
cov_public_SRR13685157_metabat2_bin.1.fa,4.0
cov_public_SRR13685158_concoct_merged.0.fa,10.0
cov_public_SRR13685159_concoct_merged.0.fa,6.0
cov_public_SRR13685161_metabat2_bin.1.fa,8.0
cov_public_SRR13685162_metabat2_bin.2.fa,7.0
cov_public_SRR13685164_concoct_bin.7.fa,13.0
cov_public_SRR13685165_metabat2_bin.3.fa,9.0
cov_public_SRR13685165_metawrap_bin.1.fa,12.0
cov_public_SRR14721922_metabat2_bin.4.fa,13.0
cov_public_SRR14721923_metabat2_bin.2.fa,17.0
cov_public_SRR14721924_metawrap_bin.1.fa,6.0
cov_public_SRR14721924_metawrap_bin.2.fa,5.0
cov_public_SRR14721925_concoct_bin.8.fa,19.0
cov_public_SRR14721926_metabat2_bin.3.fa,30.0
cov_public_SRR14721927_metabat2_bin.2.fa,17.0
cov_public_SRR14721928_metawrap_bin.1.fa,12.0
cov_public_SRR14721929_concoct_bin.20.fa,6.0
cov_public_SRR14721929_metabat2_bin.13.fa,53.0
cov_public_SRR14721929_metawrap_bin.1.fa,12.0
cov_public_SRR14721929_metawrap_bin.2.fa,7.0
cov_public_SRR14721930_metawrap_bin.1.fa,9.0
cov_public_SRR14721931_concoct_merged.0.fa,5.0
cov_public_SRR14721932_concoct_bin.34.fa,26.0
cov_public_SRR14721933_metabat2_bin.1.fa,30.0
cov_public_SRR14721935_metabat2_bin.5.fa,12.0
cov_public_SRR14721936_concoct_merged.0.fa,5.0
cov_public_SRR14721936_metawrap_bin.1.fa,4.0
cov_public_SRR14721937_metabat2_bin.4.fa,10.0
cov_public_SRR14721937_metawrap_bin.1.fa,6.0
cov_public_SRR14721938_metawrap_bin.1.fa,10.0
cov_public_SRR14721939_concoct_merged.0.fa,6.0
cov_public_SRR14721939_metawrap_bin.1.fa,7.0
cov_public_SRR14721941_concoct_bin.5.fa,18.0
cov_public_SRR14721941_metawrap_bin.1.fa,10.0
cov_public_SRR14721941_metawrap_bin.2.fa,13.0
cov_public_SRR14721942_metabat2_bin.2.fa,24.0
cov_public_SRR14721943_metabat2_bin.1.fa,23.0
cov_public_SRR14721944_concoct_merged.0.fa,8.0
cov_public_SRR14721944_metawrap_bin.1.fa,12.0
cov_public_SRR14721944_metawrap_bin.2.fa,7.0
cov_public_SRR14721945_metabat2_bin.3.fa,42.0
cov_public_SRR14721946_metabat2_bin.2.fa,28.0
cov_public_SRR14721947_metabat2_bin.6.fa,35.0
cov_public_SRR14721948_concoct_merged.0.fa,28.0
cov_public_SRR14721949_concoct_bin.4.fa,25.0
cov_public_SRR14721950_metabat2_bin.6.fa,21.0
cov_public_SRR14721950_metawrap_bin.1.fa,5.0
cov_public_SRR14721950_metawrap_bin.2.fa,7.0
cov_public_SRR14721952_concoct_merged.0.fa,12.0
cov_public_SRR14721952_metawrap_bin.1.fa,5.0
cov_public_SRR14721953_concoct_bin.46.fa,5.0
cov_public_SRR14721953_metawrap_bin.1.fa,23.0
cov_public_SRR14721954_metabat2_bin.3.fa,6.0
cov_public_SRR14721954_metawrap_bin.1.fa,6.0
cov_public_SRR14721954_metawrap_bin.2.fa,6.0
cov_public_SRR14721954_metawrap_bin.3.fa,5.0
cov_public_SRR14721954_metawrap_bin.4.fa,32.0
cov_public_SRR14721955_metawrap_bin.1.fa,5.0
cov_public_SRR14721955_metawrap_bin.2.fa,5.0
cov_public_SRR14721956_metabat2_bin.3.fa,8.0
cov_public_SRR14721956_metawrap_bin.1.fa,5.0
cov_public_SRR14721957_metabat2_bin.1.fa,6.0
cov_public_SRR14721957_metawrap_bin.1.fa,13.0
cov_public_SRR14721957_metawrap_bin.2.fa,6.0
cov_public_SRR14721957_metawrap_bin.3.fa,8.0
cov_public_SRR14721957_metawrap_bin.4.fa,46.0
cov_public_SRR14721959_metabat2_bin.2.fa,33.0
cov_public_SRR14721960_metabat2_bin.2.fa,10.0
cov_public_SRR14721960_metawrap_bin.1.fa,9.0
cov_public_SRR14721960_metawrap_bin.2.fa,8.0
cov_public_SRR14721961_concoct_bin.1.fa,5.0
cov_public_SRR14721962_metabat2_bin.6.fa,24.0
cov_public_SRR14721962_metawrap_bin.1.fa,6.0
cov_public_SRR14721962_metawrap_bin.2.fa,6.0
cov_public_SRR14721964_metabat2_bin.3.fa,12.0
cov_public_SRR14721964_metawrap_bin.1.fa,5.0
cov_public_SRR14721964_metawrap_bin.2.fa,21.0
cov_public_SRR14721964_metawrap_bin.3.fa,5.0
cov_public_SRR14721965_metabat2_bin.1.fa,18.0
cov_public_SRR14721966_metabat2_bin.6.fa,42.0
cov_public_SRR14721966_metawrap_bin.1.fa,48.0
cov_public_SRR14721966_metawrap_bin.2.fa,8.0
cov_public_SRR14721966_metawrap_bin.3.fa,9.0
cov_public_SRR14721966_metawrap_bin.4.fa,15.0
cov_public_SRR14721968_concoct_bin.6.fa,7.0
cov_public_SRR14721968_metawrap_bin.1.fa,16.0
cov_public_SRR14721970_metabat2_bin.1.fa,16.0
cov_public_SRR14721971_concoct_merged.0.fa,7.0
cov_public_SRR14721971_metawrap_bin.1.fa,7.0
cov_public_SRR14721972_metawrap_bin.1.fa,8.0
cov_public_SRR14721973_metabat2_bin.2.fa,6.0
cov_public_SRR14721974_metabat2_bin.1.fa,11.0
cov_public_SRR14721977_metabat2_bin.1.fa,6.0
cov_public_SRR14721978_concoct_merged.0.fa,21.0
cov_public_SRR14721979_metabat2_bin.1.fa,12.0
cov_public_SRR14721980_metabat2_bin.4.fa,19.0
cov_public_SRR14721980_metawrap_bin.1.fa,5.0
cov_public_SRR14721980_metawrap_bin.2.fa,8.0
cov_public_SRR14721982_metabat2_bin.3.fa,19.0
cov_public_SRR14721983_metabat2_bin.1.fa,21.0
cov_public_SRR14721984_concoct_merged.0.fa,10.0
cov_public_SRR14721985_metabat2_bin.4.fa,6.0
cov_public_SRR14721985_metawrap_bin.1.fa,8.0
cov_public_SRR14721985_metawrap_bin.2.fa,29.0
cov_public_SRR14721986_metabat2_bin.4.fa,21.0
cov_public_SRR14721986_metawrap_bin.1.fa,9.0
cov_public_SRR14721987_metabat2_bin.1.fa,11.0
cov_public_SRR14721987_metawrap_bin.1.fa,13.0
cov_public_SRR14721990_metabat2_bin.6.fa,14.0
cov_public_SRR14721991_concoct_merged.0.fa,6.0
cov_public_SRR14721992_concoct_merged.0.fa,5.0
cov_public_SRR14721993_concoct_bin.5.fa,12.0
cov_public_SRR14721995_metabat2_bin.4.fa,9.0
cov_public_SRR14721996_metabat2_bin.8.fa,10.0
cov_public_SRR14721996_metawrap_bin.1.fa,7.0
cov_public_SRR14721996_metawrap_bin.2.fa,6.0
cov_public_SRR14721997_metabat2_bin.1.fa,10.0
cov_public_SRR14721998_metawrap_bin.1.fa,5.0
cov_public_SRR14721999_concoct_bin.2.fa,20.0
cov_public_SRR14721999_metawrap_bin.1.fa,5.0
cov_public_SRR14722000_concoct_merged.0.fa,7.0
cov_public_SRR14722002_metabat2_bin.2.fa,14.0
cov_public_SRR14722003_metabat2_bin.1.fa,18.0
cov_public_SRR14722004_metabat2_bin.1.fa,9.0
cov_public_SRR14722005_metabat2_bin.1.fa,10.0
cov_public_SRR14722006_metabat2_bin.2.fa,8.0
cov_public_SRR14722007_metabat2_bin.10.fa,11.0
cov_public_SRR14722007_metawrap_bin.1.fa,4.0
cov_public_SRR14722007_metawrap_bin.2.fa,9.0
cov_public_SRR14722007_metawrap_bin.3.fa,4.0
cov_public_SRR14722007_metawrap_bin.4.fa,16.0
cov_public_SRR14722007_metawrap_bin.5.fa,10.0
cov_public_SRR14722008_metawrap_bin.1.fa,4.0
cov_public_SRR14722008_metawrap_bin.2.fa,9.0
cov_public_SRR14722009_concoct_bin.5.fa,25.0
cov_public_SRR14722010_metabat2_bin.2.fa,10.0
cov_public_SRR14722012_metabat2_bin.2.fa,15.0
cov_public_SRR14722013_metabat2_bin.2.fa,21.0
cov_public_SRR14722014_metabat2_bin.1.fa,17.0
cov_public_SRR14722015_metabat2_bin.2.fa,5.0
cov_public_SRR14722015_metawrap_bin.1.fa,22.0
cov_public_SRR14722016_metabat2_bin.3.fa,9.0
cov_public_SRR14722017_metabat2_bin.2.fa,18.0
cov_public_SRR14722018_metabat2_bin.2.fa,7.0
cov_public_SRR14722019_concoct_merged.0.fa,6.0
cov_public_SRR14722019_metawrap_bin.1.fa,49.0
cov_public_SRR14722020_concoct_merged.0.fa,6.0
cov_public_SRR14722021_metabat2_bin.1.fa,9.0
cov_public_SRR14722022_concoct_bin.14.fa,16.0
cov_public_SRR14722022_metawrap_bin.1.fa,7.0
cov_public_SRR14722023_metabat2_bin.5.fa,21.0
cov_public_SRR14722024_concoct_bin.3.fa,14.0
cov_public_SRR14722026_metabat2_bin.4.fa,15.0
cov_public_SRR14722026_metawrap_bin.1.fa,8.0
cov_public_SRR14722028_metabat2_bin.1.fa,8.0
cov_public_SRR14722031_metabat2_bin.3.fa,21.0
cov_public_SRR14722031_metawrap_bin.1.fa,4.0
cov_public_SRR14722032_metabat2_bin.2.fa,26.0
cov_public_SRR14722033_concoct_bin.2.fa,30.0
cov_public_SRR14722034_metabat2_bin.1.fa,19.0
cov_public_SRR14722036_metabat2_bin.1.fa,9.0
cov_public_SRR14722037_metabat2_bin.2.fa,30.0
cov_public_SRR14722038_metabat2_bin.1.fa,21.0
cov_public_SRR14722039_metabat2_bin.7.fa,14.0
cov_public_SRR14722039_metawrap_bin.1.fa,6.0
cov_public_SRR14722041_metabat2_bin.10.fa,18.0
cov_public_SRR14722041_metawrap_bin.1.fa,9.0
cov_public_SRR14722041_metawrap_bin.2.fa,18.0
cov_public_SRR14722041_metawrap_bin.3.fa,11.0
cov_public_SRR14722041_metawrap_bin.4.fa,5.0
cov_public_SRR14722042_metabat2_bin.4.fa,4.0
cov_public_SRR14722042_metabat2_bin.6.fa,11.0
cov_public_SRR14722042_metawrap_bin.1.fa,8.0
cov_public_SRR14722042_metawrap_bin.2.fa,6.0
cov_public_SRR14722042_metawrap_bin.3.fa,6.0
cov_public_SRR14722043_metabat2_bin.3.fa,4.0
cov_public_SRR14722043_metawrap_bin.1.fa,7.0
cov_public_SRR14722046_concoct_bin.7.fa,22.0
cov_public_SRR14722046_metawrap_bin.1.fa,17.0
cov_public_SRR14722046_metawrap_bin.2.fa,15.0
cov_public_SRR14722047_metabat2_bin.3.fa,10.0
cov_public_SRR14722048_metawrap_bin.1.fa,13.0
cov_public_SRR14722049_concoct_bin.8.fa,46.0
cov_public_SRR14722049_metawrap_bin.1.fa,9.0
cov_public_SRR14722049_metawrap_bin.2.fa,8.0
cov_public_SRR14722049_metawrap_bin.3.fa,10.0
cov_public_SRR14722049_metawrap_bin.4.fa,12.0
cov_public_SRR14722050_metabat2_bin.2.fa,11.0
cov_public_SRR14722050_metawrap_bin.1.fa,36.0
cov_public_SRR14722050_metawrap_bin.2.fa,73.0
cov_public_SRR14722050_metawrap_bin.3.fa,13.0
cov_public_SRR14722051_metabat2_bin.4.fa,14.0
cov_public_SRR14722051_metawrap_bin.1.fa,9.0
cov_public_SRR14722051_metawrap_bin.2.fa,9.0
cov_public_SRR14722054_metabat2_bin.5.fa,6.0
cov_public_SRR14722054_metawrap_bin.1.fa,4.0
cov_public_SRR14722054_metawrap_bin.2.fa,6.0
cov_public_SRR14722056_metabat2_bin.4.fa,25.0
cov_public_SRR14722057_concoct_merged.0.fa,27.0
cov_public_SRR14722058_metabat2_bin.4.fa,17.0
cov_public_SRR14722058_metawrap_bin.1.fa,6.0
cov_public_SRR14722058_metawrap_bin.2.fa,5.0
cov_public_SRR14722061_metabat2_bin.1.fa,19.0
cov_public_SRR14722061_metawrap_bin.1.fa,8.0
cov_public_SRR14722062_metabat2_bin.2.fa,11.0
cov_public_SRR14722062_metawrap_bin.1.fa,7.0
cov_public_SRR14722062_metawrap_bin.2.fa,20.0
cov_public_SRR14722063_concoct_bin.10.fa,8.0
cov_public_SRR14722064_metabat2_bin.6.fa,22.0
cov_public_SRR14722065_metabat2_bin.6.fa,50.0
cov_public_SRR14722065_metawrap_bin.1.fa,4.0
cov_public_SRR14722066_metabat2_bin.7.fa,7.0
cov_public_SRR14722066_metawrap_bin.1.fa,9.0
cov_public_SRR14722067_metabat2_bin.1.fa,4.0
cov_public_SRR14722067_metabat2_bin.8.fa,10.0
cov_public_SRR14722067_metawrap_bin.1.fa,10.0
cov_public_SRR14722068_metabat2_bin.3.fa,14.0
cov_public_SRR14722071_metawrap_bin.1.fa,27.0
cov_public_SRR14722071_metawrap_bin.2.fa,6.0
cov_public_SRR14722071_metawrap_bin.3.fa,5.0
cov_public_SRR14722071_metawrap_bin.4.fa,18.0
cov_public_SRR14722071_metawrap_bin.5.fa,13.0
cov_public_SRR14722071_metawrap_bin.6.fa,5.0
cov_public_SRR14722072_concoct_merged.0.fa,7.0
cov_public_SRR14722077_concoct_merged.0.fa,6.0
cov_public_SRR14722078_concoct_bin.17.fa,24.0
cov_public_SRR14722078_metawrap_bin.1.fa,12.0
cov_public_SRR14722078_metawrap_bin.2.fa,4.0
cov_public_SRR14722078_metawrap_bin.4.fa,17.0
cov_public_SRR14722078_metawrap_bin.5.fa,4.0
cov_public_SRR14722078_metawrap_bin.6.fa,7.0
cov_public_SRR14722078_metawrap_bin.7.fa,4.0
cov_public_SRR14722080_concoct_merged.0.fa,5.0
cov_public_SRR14722080_metabat2_bin.1.fa,29.0
cov_public_SRR14722081_metabat2_bin.3.fa,13.0
cov_public_SRR14722081_metawrap_bin.1.fa,5.0
cov_public_SRR14722081_metawrap_bin.2.fa,10.0
cov_public_SRR14722082_metabat2_bin.6.fa,21.0
cov_public_SRR14722082_metawrap_bin.1.fa,5.0
cov_public_SRR14722082_metawrap_bin.2.fa,5.0
cov_public_SRR14722083_concoct_bin.1.fa,5.0
cov_public_SRR14722083_concoct_bin.22.fa,32.0
cov_public_SRR14722083_metawrap_bin.1.fa,4.0
cov_public_SRR14722083_metawrap_bin.2.fa,6.0
cov_public_SRR14722084_metabat2_bin.3.fa,29.0
cov_public_SRR14722085_metabat2_bin.6.fa,36.0
cov_public_SRR14722085_metawrap_bin.1.fa,4.0
cov_public_SRR14722085_metawrap_bin.2.fa,5.0
cov_public_SRR14722086_metabat2_bin.14.fa,23.0
cov_public_SRR14722086_metawrap_bin.10.fa,4.0
cov_public_SRR14722086_metawrap_bin.11.fa,12.0
cov_public_SRR14722086_metawrap_bin.12.fa,4.0
cov_public_SRR14722086_metawrap_bin.1.fa,10.0
cov_public_SRR14722086_metawrap_bin.2.fa,14.0
cov_public_SRR14722086_metawrap_bin.3.fa,12.0
cov_public_SRR14722086_metawrap_bin.4.fa,51.0
cov_public_SRR14722086_metawrap_bin.5.fa,7.0
cov_public_SRR14722086_metawrap_bin.6.fa,24.0
cov_public_SRR14722086_metawrap_bin.7.fa,6.0
cov_public_SRR14722086_metawrap_bin.8.fa,12.0
cov_public_SRR14722086_metawrap_bin.9.fa,7.0
cov_public_SRR14722087_metabat2_bin.6.fa,7.0
cov_public_SRR14722087_metawrap_bin.1.fa,19.0
cov_public_SRR14722087_metawrap_bin.2.fa,5.0
cov_public_SRR14722087_metawrap_bin.3.fa,4.0
cov_public_SRR14722087_metawrap_bin.4.fa,4.0
cov_public_SRR14722088_concoct_bin.14.fa,31.0
cov_public_SRR14722088_metawrap_bin.1.fa,7.0
cov_public_SRR14722088_metawrap_bin.2.fa,20.0
cov_public_SRR14722088_metawrap_bin.3.fa,6.0
cov_public_SRR14722088_metawrap_bin.4.fa,7.0
cov_public_SRR14722088_metawrap_bin.5.fa,10.0
cov_public_SRR14722088_metawrap_bin.6.fa,4.0
cov_public_SRR14722088_metawrap_bin.7.fa,9.0
cov_public_SRR14722090_metabat2_bin.14.fa,50.0
cov_public_SRR14722090_metawrap_bin.1.fa,4.0
cov_public_SRR14722090_metawrap_bin.2.fa,13.0
cov_public_SRR14722090_metawrap_bin.3.fa,9.0
cov_public_SRR14722090_metawrap_bin.4.fa,25.0
cov_public_SRR14722090_metawrap_bin.5.fa,4.0
cov_public_SRR14722090_metawrap_bin.6.fa,6.0
cov_public_SRR14722092_concoct_merged.0.fa,6.0
cov_public_SRR14722094_metabat2_bin.10.fa,29.0
cov_public_SRR14722094_metawrap_bin.1.fa,5.0
cov_public_SRR14722094_metawrap_bin.2.fa,4.0
cov_public_SRR14722095_metabat2_bin.7.fa,31.0
cov_public_SRR14722095_metawrap_bin.1.fa,24.0
cov_public_SRR14722095_metawrap_bin.2.fa,11.0
cov_public_SRR14722095_metawrap_bin.3.fa,9.0
cov_public_SRR14722098_metabat2_bin.9.fa,29.0
cov_public_SRR14722098_metawrap_bin.1.fa,6.0
cov_public_SRR14722098_metawrap_bin.2.fa,4.0
cov_public_SRR14722098_metawrap_bin.3.fa,6.0
cov_public_SRR14722098_metawrap_bin.4.fa,19.0
cov_public_SRR14722098_metawrap_bin.5.fa,10.0
cov_public_SRR14722098_metawrap_bin.6.fa,4.0
cov_public_SRR14722099_metabat2_bin.1.fa,7.0
cov_public_SRR14722101_metabat2_bin.2.fa,23.0
cov_public_SRR14722101_metawrap_bin.1.fa,6.0
cov_public_SRR14722101_metawrap_bin.2.fa,4.0
cov_public_SRR14722101_metawrap_bin.3.fa,5.0
cov_public_SRR14722101_metawrap_bin.4.fa,5.0
cov_public_SRR14722103_metabat2_bin.2.fa,32.0
cov_public_SRR14722105_concoct_merged.0.fa,19.0
cov_public_SRR14722106_metabat2_bin.2.fa,13.0
cov_public_SRR14722106_metawrap_bin.1.fa,4.0
cov_public_SRR14722106_metawrap_bin.2.fa,7.0
cov_public_SRR14722108_metabat2_bin.1.fa,13.0
cov_public_SRR14722108_metawrap_bin.1.fa,9.0
cov_public_SRR14722109_metabat2_bin.1.fa,34.0
cov_public_SRR14722112_metabat2_bin.8.fa,28.0
cov_public_SRR14722112_metawrap_bin.1.fa,7.0
cov_public_SRR14722112_metawrap_bin.2.fa,65.0
cov_public_SRR14722112_metawrap_bin.3.fa,11.0
cov_public_SRR14722113_metabat2_bin.5.fa,32.0
cov_public_SRR14722113_metawrap_bin.1.fa,4.0
cov_public_SRR14722113_metawrap_bin.2.fa,5.0
cov_public_SRR14722113_metawrap_bin.3.fa,5.0
cov_public_SRR14722113_metawrap_bin.4.fa,392.0
cov_public_SRR14722113_metawrap_bin.5.fa,5.0
cov_public_SRR14722115_concoct_bin.3.fa,62.0
cov_public_SRR14722116_metabat2_bin.14.fa,80.0
cov_public_SRR14722116_metabat2_bin.5.fa,5.0
cov_public_SRR14722116_metawrap_bin.1.fa,13.0
cov_public_SRR14722116_metawrap_bin.2.fa,28.0
cov_public_SRR14722117_metabat2_bin.4.fa,66.0
cov_public_SRR14722117_metawrap_bin.1.fa,4.0
cov_public_SRR14722117_metawrap_bin.2.fa,8.0
cov_public_SRR14722118_metabat2_bin.5.fa,8.0
cov_public_SRR14722118_metawrap_bin.1.fa,41.0
cov_public_SRR14722119_metabat2_bin.2.fa,56.0
cov_public_SRR14722120_metabat2_bin.1.fa,32.0
cov_public_SRR14722120_metabat2_bin.4.fa,4.0
cov_public_SRR14722121_metabat2_bin.4.fa,128.0
cov_public_SRR14722121_metawrap_bin.1.fa,4.0
cov_public_SRR14722123_concoct_merged.0.fa,125.0
cov_public_SRR14722123_metawrap_bin.1.fa,30.0
cov_public_SRR14722123_metawrap_bin.2.fa,15.0
cov_public_SRR14722123_metawrap_bin.3.fa,9.0
cov_public_SRR14722123_metawrap_bin.4.fa,8.0
cov_public_SRR14722123_metawrap_bin.5.fa,5.0
cov_public_SRR14722124_metabat2_bin.8.fa,46.0
cov_public_SRR14722124_metawrap_bin.1.fa,11.0
cov_public_SRR14722125_metabat2_bin.9.fa,154.0
cov_public_SRR14722125_metawrap_bin.1.fa,11.0
cov_public_SRR14722125_metawrap_bin.2.fa,5.0
cov_public_SRR14722125_metawrap_bin.3.fa,51.0
cov_public_SRR14722127_concoct_bin.0.fa,30.0
cov_public_SRR14722128_metabat2_bin.9.fa,16.0
cov_public_SRR14722128_metawrap_bin.1.fa,8.0
cov_public_SRR14722128_metawrap_bin.2.fa,6.0
cov_public_SRR14722129_metabat2_bin.3.fa,17.0
cov_public_SRR14722129_metawrap_bin.1.fa,10.0
cov_public_SRR14722129_metawrap_bin.2.fa,8.0
cov_public_SRR14722129_metawrap_bin.3.fa,10.0
cov_public_SRR14722130_metabat2_bin.11.fa,8.0
cov_public_SRR14722130_metabat2_bin.9.fa,73.0
cov_public_SRR14722130_metawrap_bin.1.fa,9.0
cov_public_SRR14722130_metawrap_bin.2.fa,14.0
cov_public_SRR14722130_metawrap_bin.3.fa,16.0
cov_public_SRR14722130_metawrap_bin.4.fa,8.0
cov_public_SRR14722131_metabat2_bin.1.fa,14.0
cov_public_SRR14722132_metabat2_bin.8.fa,9.0
cov_public_SRR14722132_metawrap_bin.1.fa,8.0
cov_public_SRR14722132_metawrap_bin.2.fa,27.0
cov_public_SRR14722133_metabat2_bin.2.fa,15.0
cov_public_SRR14722133_metawrap_bin.1.fa,19.0
cov_public_SRR14722133_metawrap_bin.2.fa,5.0
cov_public_SRR14722135_concoct_merged.1.fa,20.0
cov_public_SRR14722135_metabat2_bin.5.fa,6.0
cov_public_SRR14722135_metabat2_bin.8.fa,5.0
cov_public_SRR14722135_metawrap_bin.1.fa,11.0
cov_public_SRR14722136_concoct_merged.0.fa,13.0
cov_public_SRR14722136_metawrap_bin.1.fa,11.0
cov_public_SRR14722137_metawrap_bin.1.fa,6.0
cov_public_SRR14722137_metawrap_bin.2.fa,21.0
cov_public_SRR14722137_metawrap_bin.3.fa,6.0
cov_public_SRR14722138_metabat2_bin.7.fa,58.0
cov_public_SRR14722138_metawrap_bin.1.fa,6.0
cov_public_SRR14722139_metabat2_bin.5.fa,14.0
cov_public_SRR14722139_metawrap_bin.1.fa,27.0
cov_public_SRR14722140_metabat2_bin.5.fa,16.0
cov_public_SRR14722141_concoct_bin.2.fa,21.0
cov_public_SRR14722141_metawrap_bin.1.fa,5.0
cov_public_SRR14722143_metabat2_bin.4.fa,12.0
cov_public_SRR14722143_metawrap_bin.1.fa,31.0
cov_public_SRR14722143_metawrap_bin.2.fa,6.0
cov_public_SRR14722143_metawrap_bin.3.fa,5.0
cov_public_SRR14722143_metawrap_bin.4.fa,6.0
cov_public_SRR14722143_metawrap_bin.5.fa,15.0
cov_public_SRR14722144_metabat2_bin.3.fa,25.0
cov_public_SRR14722144_metawrap_bin.1.fa,7.0
cov_public_SRR14722145_metabat2_bin.10.fa,13.0
cov_public_SRR14722145_metawrap_bin.1.fa,5.0
cov_public_SRR14722145_metawrap_bin.2.fa,43.0
cov_public_SRR14722145_metawrap_bin.3.fa,4.0
cov_public_SRR14722145_metawrap_bin.4.fa,4.0
cov_public_SRR14722145_metawrap_bin.5.fa,10.0
cov_public_SRR14722145_metawrap_bin.6.fa,13.0
cov_public_SRR14722145_metawrap_bin.7.fa,9.0
cov_public_SRR14722147_concoct_bin.2.fa,93.0
cov_public_SRR14722147_metabat2_bin.1.fa,4.0
cov_public_SRR14722149_metawrap_bin.10.fa,12.0
cov_public_SRR14722149_metawrap_bin.11.fa,6.0
cov_public_SRR14722149_metawrap_bin.1.fa,30.0
cov_public_SRR14722149_metawrap_bin.2.fa,5.0
cov_public_SRR14722149_metawrap_bin.3.fa,3.0
cov_public_SRR14722149_metawrap_bin.4.fa,5.0
cov_public_SRR14722149_metawrap_bin.5.fa,4.0
cov_public_SRR14722149_metawrap_bin.6.fa,7.0
cov_public_SRR14722149_metawrap_bin.7.fa,5.0
cov_public_SRR14722149_metawrap_bin.8.fa,11.0
cov_public_SRR14722149_metawrap_bin.9.fa,10.0
cov_public_SRR14722150_concoct_bin.35.fa,52.0
cov_public_SRR14722150_metawrap_bin.1.fa,8.0
cov_public_SRR14722150_metawrap_bin.2.fa,7.0
cov_public_SRR14722150_metawrap_bin.3.fa,15.0
cov_public_SRR14722150_metawrap_bin.4.fa,7.0
cov_public_SRR14722151_metabat2_bin.3.fa,7.0
cov_public_SRR14722151_metawrap_bin.1.fa,5.0
cov_public_SRR14722152_metabat2_bin.2.fa,4.0
cov_public_SRR14722152_metawrap_bin.1.fa,11.0
cov_public_SRR14722152_metawrap_bin.2.fa,5.0
cov_public_SRR14722152_metawrap_bin.3.fa,8.0
cov_public_SRR14722154_concoct_bin.10.fa,5.0
cov_public_SRR14722154_metabat2_bin.3.fa,33.0
cov_public_SRR14722154_metawrap_bin.1.fa,20.0
cov_public_SRR14722154_metawrap_bin.2.fa,8.0
cov_public_SRR14722154_metawrap_bin.3.fa,33.0
cov_public_SRR14722156_concoct_bin.48.fa,4.0
cov_public_SRR14722156_metawrap_bin.1.fa,7.0
cov_public_SRR14722156_metawrap_bin.2.fa,5.0
cov_public_SRR14722156_metawrap_bin.3.fa,7.0
cov_public_SRR14722156_metawrap_bin.4.fa,7.0
cov_public_SRR14722156_metawrap_bin.5.fa,6.0
cov_public_SRR14722156_metawrap_bin.6.fa,4.0
cov_public_SRR14722157_metabat2_bin.4.fa,29.0
cov_public_SRR14722157_metawrap_bin.1.fa,6.0
cov_public_SRR14722158_metabat2_bin.9.fa,52.0
cov_public_SRR14722158_metawrap_bin.1.fa,14.0
cov_public_SRR14722159_metabat2_bin.7.fa,60.0
cov_public_SRR14722159_metabat2_bin.8.fa,6.0
cov_public_SRR14722160_concoct_bin.3.fa,49.0
cov_public_SRR14722160_metawrap_bin.1.fa,5.0
cov_public_SRR14722160_metawrap_bin.2.fa,4.0
cov_public_SRR14722160_metawrap_bin.3.fa,6.0
cov_public_SRR14722160_metawrap_bin.4.fa,6.0
cov_public_SRR14722161_metabat2_bin.6.fa,11.0
cov_public_SRR14722161_metawrap_bin.1.fa,24.0
cov_public_SRR14722161_metawrap_bin.2.fa,7.0
cov_public_SRR14722161_metawrap_bin.3.fa,6.0
cov_public_SRR14722161_metawrap_bin.4.fa,4.0
cov_public_SRR14722162_metawrap_bin.1.fa,7.0
cov_public_SRR14722163_concoct_bin.11.fa,17.0
cov_public_SRR14722163_metawrap_bin.1.fa,4.0
cov_public_SRR14722163_metawrap_bin.2.fa,8.0
cov_public_SRR14722164_metabat2_bin.2.fa,47.0
cov_public_SRR14722164_metawrap_bin.1.fa,17.0
cov_public_SRR14722164_metawrap_bin.2.fa,4.0
cov_public_SRR14722165_concoct_bin.24.fa,12.0
cov_public_SRR14722165_concoct_bin.25.fa,43.0
cov_public_SRR14722165_metabat2_bin.16.fa,5.0
cov_public_SRR14722165_metawrap_bin.1.fa,5.0
cov_public_SRR14722165_metawrap_bin.2.fa,9.0
cov_public_SRR14722165_metawrap_bin.3.fa,13.0
cov_public_SRR14722165_metawrap_bin.4.fa,8.0
cov_public_SRR14722165_metawrap_bin.5.fa,7.0
cov_public_SRR14722166_concoct_bin.2.fa,43.0
cov_public_SRR14722166_metawrap_bin.1.fa,8.0
cov_public_SRR14722166_metawrap_bin.2.fa,9.0
cov_public_SRR14722167_metabat2_bin.4.fa,41.0
cov_public_SRR14722167_metawrap_bin.1.fa,7.0
cov_public_SRR14722168_metabat2_bin.6.fa,21.0
cov_public_SRR14722169_metabat2_bin.6.fa,20.0
cov_public_SRR14722169_metawrap_bin.1.fa,14.0
cov_public_SRR14722169_metawrap_bin.2.fa,5.0
cov_public_SRR14722170_metabat2_bin.4.fa,40.0
cov_public_SRR14722170_metawrap_bin.1.fa,30.0
cov_public_SRR14722170_metawrap_bin.2.fa,6.0
cov_public_SRR14722170_metawrap_bin.3.fa,7.0
cov_public_SRR14722170_metawrap_bin.4.fa,9.0
cov_public_SRR14722171_concoct_bin.7.fa,52.0
cov_public_SRR14722172_metawrap_bin.1.fa,50.0
cov_public_SRR14722172_metawrap_bin.2.fa,10.0
cov_public_SRR14722173_concoct_merged.0.fa,16.0
cov_public_SRR14722173_metawrap_bin.1.fa,6.0
cov_public_SRR14722174_metabat2_bin.2.fa,10.0
cov_public_SRR14722174_metawrap_bin.1.fa,6.0
cov_public_SRR14722175_metabat2_bin.4.fa,6.0
cov_public_SRR14722175_metawrap_bin.1.fa,23.0
cov_public_SRR14722176_concoct_bin.30.fa,4.0
cov_public_SRR14722176_metabat2_bin.14.fa,41.0
cov_public_SRR14722176_metawrap_bin.10.fa,16.0
cov_public_SRR14722176_metawrap_bin.11.fa,6.0
cov_public_SRR14722176_metawrap_bin.12.fa,4.0
cov_public_SRR14722176_metawrap_bin.13.fa,5.0
cov_public_SRR14722176_metawrap_bin.1.fa,11.0
cov_public_SRR14722176_metawrap_bin.2.fa,7.0
cov_public_SRR14722176_metawrap_bin.3.fa,5.0
cov_public_SRR14722176_metawrap_bin.4.fa,6.0
cov_public_SRR14722176_metawrap_bin.5.fa,7.0
cov_public_SRR14722176_metawrap_bin.6.fa,5.0
cov_public_SRR14722176_metawrap_bin.7.fa,5.0
cov_public_SRR14722176_metawrap_bin.8.fa,24.0
cov_public_SRR14722176_metawrap_bin.9.fa,6.0
cov_public_SRR14722177_concoct_bin.11.fa,37.0
cov_public_SRR14722177_concoct_merged.0.fa,5.0
cov_public_SRR14722177_metabat2_bin.9.fa,4.0
cov_public_SRR14722177_metawrap_bin.1.fa,6.0
cov_public_SRR14722181_concoct_bin.15.fa,14.0
cov_public_SRR14722181_concoct_bin.9.fa,12.0
cov_public_SRR14722184_concoct_bin.5.fa,21.0
cov_public_SRR14722185_metabat2_bin.2.fa,24.0
cov_public_SRR14722185_metawrap_bin.1.fa,8.0
cov_public_SRR14722185_metawrap_bin.2.fa,6.0
cov_public_SRR14722186_metabat2_bin.3.fa,9.0
cov_public_SRR14722188_concoct_bin.0.fa,20.0
cov_public_SRR14722188_concoct_bin.30.fa,10.0
cov_public_SRR14722188_metabat2_bin.25.fa,44.0
cov_public_SRR14722188_metabat2_bin.28.fa,4.0
cov_public_SRR14722188_metawrap_bin.1.fa,33.0
cov_public_SRR14722188_metawrap_bin.2.fa,7.0
cov_public_SRR14722188_metawrap_bin.3.fa,7.0
cov_public_SRR14722188_metawrap_bin.4.fa,11.0
cov_public_SRR14722188_metawrap_bin.5.fa,6.0
cov_public_SRR14722188_metawrap_bin.6.fa,6.0
cov_public_SRR14722188_metawrap_bin.7.fa,6.0
cov_public_SRR14722197_metabat2_bin.3.fa,6.0
cov_public_SRR14722197_metawrap_bin.1.fa,21.0
cov_public_SRR14722202_metabat2_bin.2.fa,21.0
cov_public_SRR14722208_metabat2_bin.1.fa,9.0
cov_public_SRR14722210_metabat2_bin.3.fa,36.0
cov_public_SRR14722213_concoct_bin.9.fa,24.0
cov_public_SRR14722213_metabat2_bin.1.fa,7.0
cov_public_SRR14722213_metawrap_bin.1.fa,6.0
cov_public_SRR14722219_metabat2_bin.6.fa,38.0
cov_public_SRR14722219_metawrap_bin.1.fa,7.0
cov_public_SRR14722221_metabat2_bin.2.fa,52.0
cov_public_SRR14722221_metawrap_bin.1.fa,8.0
cov_public_SRR14722221_metawrap_bin.2.fa,6.0
cov_public_SRR14722221_metawrap_bin.3.fa,10.0
cov_public_SRR14722221_metawrap_bin.4.fa,5.0
cov_public_SRR14722221_metawrap_bin.5.fa,11.0
cov_public_SRR14722221_metawrap_bin.6.fa,8.0
cov_public_SRR14722222_metabat2_bin.6.fa,14.0
cov_public_SRR14722222_metawrap_bin.1.fa,9.0
cov_public_SRR14722225_metawrap_bin.1.fa,9.0
cov_public_SRR14722229_concoct_bin.24.fa,29.0
cov_public_SRR14722229_metawrap_bin.1.fa,14.0
cov_public_SRR14722229_metawrap_bin.2.fa,13.0
cov_public_SRR14722229_metawrap_bin.3.fa,6.0
cov_public_SRR14722229_metawrap_bin.4.fa,11.0
cov_public_SRR14722229_metawrap_bin.5.fa,12.0
cov_public_SRR14722229_metawrap_bin.6.fa,13.0
cov_public_SRR14722230_metabat2_bin.7.fa,14.0
cov_public_SRR14722230_metawrap_bin.1.fa,6.0
cov_public_SRR14722230_metawrap_bin.2.fa,43.0
cov_public_SRR14722230_metawrap_bin.3.fa,7.0
cov_public_SRR14722230_metawrap_bin.4.fa,6.0
cov_public_SRR14722230_metawrap_bin.5.fa,6.0
cov_public_SRR14722230_metawrap_bin.6.fa,7.0
cov_public_SRR14722230_metawrap_bin.7.fa,5.0
cov_public_SRR14722230_metawrap_bin.8.fa,10.0
cov_public_SRR14722230_metawrap_bin.9.fa,10.0
cov_public_SRR14722231_metabat2_bin.5.fa,62.0
cov_public_SRR14722231_metawrap_bin.1.fa,5.0
cov_public_SRR14722231_metawrap_bin.2.fa,18.0
cov_public_SRR14722231_metawrap_bin.3.fa,6.0
cov_public_SRR14722231_metawrap_bin.4.fa,6.0
cov_public_SRR14722232_concoct_bin.14.fa,55.0
cov_public_SRR14722232_metawrap_bin.1.fa,5.0
cov_public_SRR14722232_metawrap_bin.2.fa,7.0
cov_public_SRR14722232_metawrap_bin.3.fa,5.0
cov_public_SRR14722233_metabat2_bin.15.fa,32.0
cov_public_SRR14722233_metawrap_bin.1.fa,5.0
cov_public_SRR14722233_metawrap_bin.2.fa,15.0
cov_public_SRR14722233_metawrap_bin.3.fa,5.0
cov_public_SRR14722251_metabat2_bin.1.fa,64.0
cov_public_SRR14722251_metawrap_bin.1.fa,10.0
cov_public_SRR14722272_metabat2_bin.6.fa,11.0
cov_public_SRR14722272_metawrap_bin.1.fa,5.0
cov_public_SRR14722272_metawrap_bin.2.fa,5.0
cov_public_SRR14722274_metabat2_bin.2.fa,13.0
cov_public_SRR14722274_metawrap_bin.1.fa,4.0
cov_public_SRR14722274_metawrap_bin.2.fa,10.0
cov_public_SRR14722275_concoct_merged.0.fa,8.0
cov_public_SRR14722275_metawrap_bin.1.fa,7.0
cov_public_SRR14722275_metawrap_bin.2.fa,20.0
cov_public_SRR14722275_metawrap_bin.3.fa,5.0
cov_public_SRR14722276_metawrap_bin.1.fa,12.0
cov_public_SRR14722276_metawrap_bin.2.fa,12.0
cov_public_SRR14722276_metawrap_bin.3.fa,9.0
cov_public_SRR14722277_metabat2_bin.3.fa,30.0
cov_public_SRR14722277_metawrap_bin.1.fa,16.0
cov_public_SRR14722278_concoct_bin.6.fa,15.0
cov_public_SRR14722278_metawrap_bin.1.fa,5.0
cov_public_SRR14722278_metawrap_bin.2.fa,7.0
cov_public_SRR14722279_metabat2_bin.4.fa,13.0
cov_public_SRR14722280_metabat2_bin.4.fa,14.0
cov_public_SRR14722280_metawrap_bin.1.fa,16.0
cov_public_SRR14722281_metabat2_bin.1.fa,25.0
cov_public_SRR14722282_metawrap_bin.1.fa,7.0
cov_public_SRR14722282_metawrap_bin.2.fa,6.0
cov_public_SRR14722282_metawrap_bin.3.fa,5.0
cov_public_SRR14722285_metawrap_bin.1.fa,15.0
cov_public_SRR14722287_metawrap_bin.1.fa,19.0
cov_public_SRR14722288_metabat2_bin.3.fa,16.0
cov_public_SRR14722288_metawrap_bin.1.fa,9.0
cov_public_SRR14722289_concoct_bin.0.fa,19.0
cov_public_SRR14722290_metabat2_bin.4.fa,18.0
cov_public_SRR14722290_metawrap_bin.1.fa,7.0
cov_public_SRR14722291_concoct_bin.3.fa,17.0
cov_public_SRR14722292_metabat2_bin.5.fa,38.0
cov_public_SRR14722292_metawrap_bin.1.fa,5.0
cov_public_SRR14722293_concoct_bin.15.fa,37.0
cov_public_SRR14722293_metawrap_bin.1.fa,4.0
cov_public_SRR14722293_metawrap_bin.2.fa,5.0
cov_public_SRR14722294_metabat2_bin.7.fa,23.0
cov_public_SRR14722296_metabat2_bin.7.fa,13.0
cov_public_SRR14722296_metawrap_bin.1.fa,6.0
cov_public_SRR14722298_metabat2_bin.8.fa,17.0
cov_public_SRR14722298_metawrap_bin.1.fa,11.0
cov_public_SRR14722299_metabat2_bin.9.fa,41.0
cov_public_SRR14722299_metawrap_bin.1.fa,6.0
cov_public_SRR14722299_metawrap_bin.2.fa,21.0
cov_public_SRR14722299_metawrap_bin.3.fa,14.0
cov_public_SRR14722300_metabat2_bin.4.fa,35.0
cov_public_SRR14722301_metabat2_bin.5.fa,26.0
cov_public_SRR14722301_metawrap_bin.1.fa,8.0
cov_public_SRR14722301_metawrap_bin.2.fa,13.0
cov_public_SRR14722301_metawrap_bin.4.fa,4.0
cov_public_SRR14722301_metawrap_bin.5.fa,5.0
cov_public_SRR14722301_metawrap_bin.6.fa,5.0
cov_public_SRR14722302_concoct_merged.0.fa,13.0
cov_public_SRR14722303_metabat2_bin.3.fa,17.0
cov_public_SRR14722304_metabat2_bin.6.fa,12.0
cov_public_SRR14722304_metawrap_bin.2.fa,12.0
cov_public_SRR14722305_metabat2_bin.2.fa,11.0
cov_public_SRR14722305_metawrap_bin.1.fa,8.0
cov_public_SRR14722307_metabat2_bin.5.fa,10.0
cov_public_SRR14722307_metawrap_bin.1.fa,41.0
cov_public_SRR14722308_metabat2_bin.6.fa,50.0
cov_public_SRR14722308_metawrap_bin.1.fa,16.0
cov_public_SRR14722309_metabat2_bin.1.fa,17.0
cov_public_SRR14722309_metawrap_bin.1.fa,5.0
cov_public_SRR14722309_metawrap_bin.2.fa,16.0
cov_public_SRR14722310_metabat2_bin.3.fa,13.0
cov_public_SRR14722311_concoct_merged.0.fa,13.0
cov_public_SRR14722312_concoct_bin.10.fa,15.0
cov_public_SRR14722313_metabat2_bin.4.fa,36.0
cov_public_SRR14722314_metawrap_bin.1.fa,6.0
cov_public_SRR14722316_metabat2_bin.4.fa,30.0
cov_public_SRR14722316_metawrap_bin.1.fa,6.0
cov_public_SRR14722318_metabat2_bin.2.fa,23.0
cov_public_SRR14722319_metabat2_bin.1.fa,37.0
cov_public_SRR14722320_concoct_bin.17.fa,5.0
cov_public_SRR14722320_metawrap_bin.1.fa,23.0
cov_public_SRR14722320_metawrap_bin.2.fa,4.0
cov_public_SRR14722320_metawrap_bin.3.fa,14.0
cov_public_SRR14722320_metawrap_bin.4.fa,14.0
cov_public_SRR14722320_metawrap_bin.5.fa,5.0
cov_public_SRR14722323_concoct_merged.0.fa,8.0
cov_public_SRR14722324_concoct_bin.1.fa,10.0
cov_public_SRR14722325_metabat2_bin.1.fa,17.0
cov_public_SRR14722325_metawrap_bin.1.fa,10.0
cov_public_SRR14722325_metawrap_bin.2.fa,11.0
cov_public_SRR14722326_metabat2_bin.1.fa,26.0
cov_public_SRR14722327_concoct_bin.11.fa,17.0
cov_public_SRR14722327_metawrap_bin.1.fa,12.0
cov_public_SRR14722327_metawrap_bin.2.fa,7.0
cov_public_SRR14722329_metabat2_bin.1.fa,10.0
cov_public_SRR14722330_concoct_merged.0.fa,14.0
cov_public_SRR1531517_concoct_bin.16.fa,435.0
cov_public_SRR1531545_concoct_bin.10.fa,87.0
cov_public_SRR1531545_metawrap_bin.1.fa,399.0
cov_public_SRR1531545_metawrap_bin.2.fa,9.0
cov_public_SRR1531545_metawrap_bin.3.fa,6.0
cov_public_SRR1531545_metawrap_bin.4.fa,12.0
cov_public_SRR1531545_metawrap_bin.5.fa,6.0
cov_public_SRR1531569_concoct_bin.26.fa,213.0
cov_public_SRR1531569_metawrap_bin.1.fa,19.0
cov_public_SRR1531569_metawrap_bin.2.fa,6.0
cov_public_SRR1531569_metawrap_bin.3.fa,15.0
cov_public_SRR1531569_metawrap_bin.4.fa,20.0
cov_public_SRR1531569_metawrap_bin.5.fa,17.0
cov_public_SRR1531569_metawrap_bin.6.fa,324.0
cov_public_SRR1531569_metawrap_bin.7.fa,9.0
cov_public_SRR1532736_concoct_bin.13.fa,145.0
cov_public_SRR1532736_concoct_bin.20.fa,6.0
cov_public_SRR1532736_metawrap_bin.1.fa,6.0
cov_public_SRR1532736_metawrap_bin.2.fa,5.0
cov_public_SRR2387885_metabat2_bin.15.fa,80.0
cov_public_SRR2387885_metabat2_bin.2.fa,6.0
cov_public_SRR2387885_metawrap_bin.1.fa,25.0
cov_public_SRR2387885_metawrap_bin.2.fa,4.0
cov_public_SRR2387885_metawrap_bin.3.fa,6.0
cov_public_SRR2387885_metawrap_bin.4.fa,9.0
cov_public_SRR2387885_metawrap_bin.5.fa,8.0
cov_public_SRR2387885_metawrap_bin.6.fa,13.0
cov_public_SRR2387885_metawrap_bin.7.fa,16.0
cov_public_SRR5808930_metabat2_bin.9.fa,77.0
cov_public_SRR5808930_metawrap_bin.1.fa,32.0
cov_public_SRR5808930_metawrap_bin.2.fa,54.0
cov_public_SRR5808930_metawrap_bin.3.fa,12.0
cov_public_SRR5808932_concoct_bin.35.fa,96.0
cov_public_SRR5808932_metabat2_bin.2.fa,7.0
cov_public_SRR5808932_metawrap_bin.1.fa,4.0
cov_public_SRR7232211_concoct_bin.3.fa,191.0
cov_public_SRR7232211_concoct_bin.8.fa,8.0
cov_public_SRR7232211_metawrap_bin.1.fa,7.0
cov_public_SRR7232212_concoct_bin.0.fa,7.0
cov_public_SRR7232212_concoct_bin.12.fa,7.0
cov_public_SRR7232212_concoct_bin.5.fa,4.0
cov_public_SRR7232212_metabat2_bin.5.fa,181.0
cov_public_SRR7232213_concoct_bin.0.fa,7.0
cov_public_SRR7232213_concoct_bin.1.fa,201.0
cov_public_SRR7232214_concoct_bin.6.fa,213.0
cov_public_SRR7232214_concoct_bin.7.fa,5.0
cov_public_SRR7232214_concoct_bin.9.fa,8.0
