private_GTX0158_metawrap_bin.1.fa,6829525
private_GTX0158_metawrap_bin.2.fa,4595129
private_GTX0158_metawrap_bin.3.fa,2414791
private_GTX0158_metawrap_bin.4.fa,3367567
private_GTX0158_metawrap_bin.5.fa,2864271
private_GTX0158_metawrap_bin.6.fa,4535280
private_GTX0158_metawrap_bin.7.fa,3618424
private_GTX0158_metawrap_bin.8.fa,3869393
private_GTX0161_metawrap_bin.1.fa,3507978
private_GTX0163_metawrap_bin.10.fa,2544535
private_GTX0163_metawrap_bin.11.fa,4768684
private_GTX0163_metawrap_bin.12.fa,4365355
private_GTX0163_metawrap_bin.14.fa,3577379
private_GTX0163_metawrap_bin.15.fa,4875913
private_GTX0163_metawrap_bin.17.fa,2996994
private_GTX0163_metawrap_bin.18.fa,3642260
private_GTX0163_metawrap_bin.19.fa,5045447
private_GTX0163_metawrap_bin.1.fa,5061927
private_GTX0163_metawrap_bin.3.fa,5759634
private_GTX0163_metawrap_bin.4.fa,2390973
private_GTX0163_metawrap_bin.5.fa,4607906
private_GTX0163_metawrap_bin.6.fa,3971280
private_GTX0163_metawrap_bin.7.fa,6454521
private_GTX0163_metawrap_bin.8.fa,5244982
private_GTX0163_metawrap_bin.9.fa,4806579
private_T1867_metawrap_bin.1.fa,2983634
private_T1867_metawrap_bin.2.fa,5743301
private_T1868_metawrap_bin.1.fa,3803709
private_T1868_metawrap_bin.4.fa,5238499
private_T1868_metawrap_bin.5.fa,3849194
private_T1887_metawrap_bin.10.fa,4745649
private_T1887_metawrap_bin.11.fa,5029938
private_T1887_metawrap_bin.12.fa,3695381
private_T1887_metawrap_bin.13.fa,2879782
private_T1887_metawrap_bin.15.fa,6529217
private_T1887_metawrap_bin.17.fa,4614662
private_T1887_metawrap_bin.18.fa,2214153
private_T1887_metawrap_bin.1.fa,3474204
private_T1887_metawrap_bin.3.fa,3405581
private_T1887_metawrap_bin.4.fa,3538176
private_T1887_metawrap_bin.5.fa,6108703
private_T1887_metawrap_bin.6.fa,3270667
private_T1887_metawrap_bin.7.fa,3210277
private_T1887_metawrap_bin.8.fa,3584002
private_T1887_metawrap_bin.9.fa,3132679
private_T1888_metawrap_bin.10.fa,4296970
private_T1888_metawrap_bin.12.fa,3089910
private_T1888_metawrap_bin.13.fa,4716372
private_T1888_metawrap_bin.14.fa,4719478
private_T1888_metawrap_bin.15.fa,3567018
private_T1888_metawrap_bin.18.fa,3265663
private_T1888_metawrap_bin.19.fa,3526920
private_T1888_metawrap_bin.2.fa,2729904
private_T1888_metawrap_bin.3.fa,6292898
private_T1888_metawrap_bin.4.fa,4698652
private_T1888_metawrap_bin.5.fa,4431711
private_T1888_metawrap_bin.6.fa,3999252
private_T1888_metawrap_bin.7.fa,3020983
private_T1888_metawrap_bin.8.fa,2998512
private_T1888_metawrap_bin.9.fa,3223619
private_T1889_metawrap_bin.1.fa,3920059
private_T1889_metawrap_bin.2.fa,4468366
private_T1889_metawrap_bin.4.fa,5362941
private_T1889_metawrap_bin.5.fa,5677811
private_T1889_metawrap_bin.7.fa,3319295
private_T1889_metawrap_bin.8.fa,6513267
private_T1894_metawrap_bin.10.fa,4461858
private_T1894_metawrap_bin.11.fa,4173490
private_T1894_metawrap_bin.12.fa,5040762
private_T1894_metawrap_bin.1.fa,3561103
private_T1894_metawrap_bin.3.fa,3934783
private_T1894_metawrap_bin.4.fa,4071283
private_T1894_metawrap_bin.5.fa,3189195
private_T1894_metawrap_bin.6.fa,890559
private_T1894_metawrap_bin.8.fa,3997555
private_T1894_metawrap_bin.9.fa,3652841
private_T1904_metawrap_bin.1.fa,3718365
private_T1904_metawrap_bin.3.fa,3766946
private_T1904_metawrap_bin.4.fa,3894435
private_T1904_metawrap_bin.5.fa,3333391
private_T1904_metawrap_bin.7.fa,3528353
private_T1914_metawrap_bin.2.fa,3380243
private_T1914_metawrap_bin.3.fa,4014850
private_T1914_metawrap_bin.4.fa,3661427
private_T1916_metawrap_bin.12.fa,3543954
private_T1916_metawrap_bin.13.fa,4942379
private_T1916_metawrap_bin.15.fa,2301118
private_T1916_metawrap_bin.1.fa,4049198
private_T1916_metawrap_bin.2.fa,4459335
private_T1916_metawrap_bin.3.fa,3780805
private_T1916_metawrap_bin.4.fa,3690106
private_T1916_metawrap_bin.5.fa,3764048
private_T1916_metawrap_bin.6.fa,5130386
private_T1916_metawrap_bin.8.fa,2369818
private_T1916_metawrap_bin.9.fa,3105763
private_TS1974_metawrap_bin.10.fa,3815809
private_TS1974_metawrap_bin.12.fa,4959039
private_TS1974_metawrap_bin.1.fa,4529899
private_TS1974_metawrap_bin.2.fa,4512374
private_TS1974_metawrap_bin.3.fa,4404732
private_TS1974_metawrap_bin.4.fa,3926443
private_TS1974_metawrap_bin.5.fa,4084529
private_TS1974_metawrap_bin.6.fa,5052315
private_TS1974_metawrap_bin.7.fa,4594579
private_TS1974_metawrap_bin.9.fa,3619124
private_VT12_metawrap_bin.1.fa,2326716
private_VT12_metawrap_bin.2.fa,3663071
private_VT15_metawrap_bin.1.fa,4645518
private_VT15_metawrap_bin.2.fa,3234868
private_VT16_metawrap_bin.1.fa,3006857
private_VT16_metawrap_bin.3.fa,2615924
private_VT16_metawrap_bin.4.fa,3990456
private_VT19_metawrap_bin.1.fa,2470205
private_VT1_metawrap_bin.1.fa,3332438
private_VT1_metawrap_bin.2.fa,4577336
private_VT1_metawrap_bin.3.fa,3878694
private_VT22_metawrap_bin.10.fa,4803330
private_VT22_metawrap_bin.11.fa,4924096
private_VT22_metawrap_bin.12.fa,5152252
private_VT22_metawrap_bin.2.fa,4593738
private_VT22_metawrap_bin.3.fa,3757409
private_VT22_metawrap_bin.4.fa,3619789
private_VT22_metawrap_bin.5.fa,4487163
private_VT22_metawrap_bin.6.fa,4088433
private_VT22_metawrap_bin.7.fa,4221961
private_VT22_metawrap_bin.8.fa,3814926
private_VT22_metawrap_bin.9.fa,3486971
private_VT26_metawrap_bin.1.fa,4402426
private_VT26_metawrap_bin.2.fa,3811139
private_VT2_metawrap_bin.1.fa,3226238
private_VT2_metawrap_bin.3.fa,3554018
private_VT2_metawrap_bin.4.fa,2176048
private_VT2_metawrap_bin.5.fa,2519845
private_VT2_metawrap_bin.6.fa,4094902
private_VT34_metawrap_bin.1.fa,3671683
private_VT34_metawrap_bin.2.fa,3074460
private_VT34_metawrap_bin.3.fa,5049737
private_VT34_metawrap_bin.4.fa,3002539
private_VT38_metawrap_bin.1.fa,3131595
private_X11_metawrap_bin.1.fa,3409490
private_X11_metawrap_bin.2.fa,2859277
private_X11_metawrap_bin.3.fa,3675237
private_X11_metawrap_bin.4.fa,3086504
private_X15_metawrap_bin.1.fa,6004157
private_X15_metawrap_bin.2.fa,5439809
private_X16_metawrap_bin.10.fa,1045895
private_X16_metawrap_bin.11.fa,3322873
private_X16_metawrap_bin.12.fa,2697304
private_X16_metawrap_bin.13.fa,3502779
private_X16_metawrap_bin.14.fa,2665813
private_X16_metawrap_bin.15.fa,4937037
private_X16_metawrap_bin.16.fa,4904155
private_X16_metawrap_bin.17.fa,3922685
private_X16_metawrap_bin.18.fa,2966614
private_X16_metawrap_bin.19.fa,2404186
private_X16_metawrap_bin.1.fa,3075214
private_X16_metawrap_bin.20.fa,6753648
private_X16_metawrap_bin.22.fa,3551738
private_X16_metawrap_bin.23.fa,3520954
private_X16_metawrap_bin.25.fa,2867880
private_X16_metawrap_bin.26.fa,3490659
private_X16_metawrap_bin.27.fa,2299430
private_X16_metawrap_bin.29.fa,3260617
private_X16_metawrap_bin.2.fa,3569941
private_X16_metawrap_bin.30.fa,3140419
private_X16_metawrap_bin.31.fa,3023946
private_X16_metawrap_bin.3.fa,4841266
private_X16_metawrap_bin.4.fa,2254431
private_X16_metawrap_bin.5.fa,2563517
private_X16_metawrap_bin.6.fa,4053474
private_X16_metawrap_bin.7.fa,561675
private_X16_metawrap_bin.8.fa,5143236
private_X16_metawrap_bin.9.fa,4789767
private_X1_metawrap_bin.1.fa,3855599
private_X3_metawrap_bin.2.fa,3571506
private_X3_metawrap_bin.3.fa,3520190
private_X3_metawrap_bin.4.fa,3137263
private_X4_metawrap_bin.11.fa,3089360
private_X4_metawrap_bin.12.fa,3886199
private_X4_metawrap_bin.13.fa,4493002
private_X4_metawrap_bin.14.fa,7623061
private_X4_metawrap_bin.1.fa,3701316
private_X4_metawrap_bin.2.fa,4935239
private_X4_metawrap_bin.3.fa,4291870
private_X4_metawrap_bin.4.fa,6344992
private_X4_metawrap_bin.5.fa,5466207
private_X4_metawrap_bin.7.fa,3150584
private_X4_metawrap_bin.8.fa,3194057
private_X4_metawrap_bin.9.fa,5328250
private_X5_metawrap_bin.1.fa,6773939
private_X5_metawrap_bin.2.fa,4811592
private_X5_metawrap_bin.3.fa,5810629
private_X5_metawrap_bin.4.fa,3441801
private_X5_metawrap_bin.5.fa,1950205
private_X5_metawrap_bin.6.fa,4148486
private_X5_metawrap_bin.7.fa,3392229
private_X9_metawrap_bin.1.fa,3322990
public_ERR4179389_metawrap_bin.1.fa,2548021
public_ERR4179389_metawrap_bin.2.fa,3073101
public_ERR4179389_metawrap_bin.3.fa,3189259
public_ERR4179389_metawrap_bin.4.fa,3068375
public_ERR4179389_metawrap_bin.5.fa,2944420
public_ERR4179389_metawrap_bin.6.fa,2105771
public_ERR4179389_metawrap_bin.8.fa,6382200
public_ERR4179390_metawrap_bin.10.fa,2491115
public_ERR4179390_metawrap_bin.11.fa,2979499
public_ERR4179390_metawrap_bin.12.fa,3495382
public_ERR4179390_metawrap_bin.13.fa,3858529
public_ERR4179390_metawrap_bin.14.fa,2019971
public_ERR4179390_metawrap_bin.15.fa,2997459
public_ERR4179390_metawrap_bin.16.fa,6360884
public_ERR4179390_metawrap_bin.17.fa,4033751
public_ERR4179390_metawrap_bin.18.fa,2754002
public_ERR4179390_metawrap_bin.1.fa,4072843
public_ERR4179390_metawrap_bin.2.fa,3604446
public_ERR4179390_metawrap_bin.3.fa,4154586
public_ERR4179390_metawrap_bin.4.fa,2835466
public_ERR4179390_metawrap_bin.5.fa,3527570
public_ERR4179390_metawrap_bin.6.fa,3738796
public_ERR4179390_metawrap_bin.7.fa,3084581
public_ERR4179390_metawrap_bin.8.fa,5886159
public_ERR4179390_metawrap_bin.9.fa,4339853
public_ERR4179391_metawrap_bin.2.fa,5091299
public_ERR4179391_metawrap_bin.3.fa,2532676
public_ERR4179391_metawrap_bin.4.fa,4995696
public_ERR4179391_metawrap_bin.5.fa,2196843
public_ERR4179391_metawrap_bin.6.fa,3401646
public_ERR4179391_metawrap_bin.9.fa,4173278
public_SRR11456913_metawrap_bin.10.fa,3482057
public_SRR11456913_metawrap_bin.11.fa,6868559
public_SRR11456913_metawrap_bin.12.fa,2686058
public_SRR11456913_metawrap_bin.13.fa,4886668
public_SRR11456913_metawrap_bin.14.fa,4880843
public_SRR11456913_metawrap_bin.15.fa,4425407
public_SRR11456913_metawrap_bin.16.fa,3017454
public_SRR11456913_metawrap_bin.17.fa,1727965
public_SRR11456913_metawrap_bin.18.fa,4381607
public_SRR11456913_metawrap_bin.19.fa,4484647
public_SRR11456913_metawrap_bin.1.fa,5949094
public_SRR11456913_metawrap_bin.21.fa,4057647
public_SRR11456913_metawrap_bin.22.fa,6257254
public_SRR11456913_metawrap_bin.23.fa,2884839
public_SRR11456913_metawrap_bin.25.fa,3699865
public_SRR11456913_metawrap_bin.26.fa,3911890
public_SRR11456913_metawrap_bin.3.fa,4092003
public_SRR11456913_metawrap_bin.5.fa,3783488
public_SRR11456913_metawrap_bin.6.fa,4199570
public_SRR11456913_metawrap_bin.7.fa,4049068
public_SRR11456913_metawrap_bin.8.fa,4569804
public_SRR11456914_metawrap_bin.10.fa,2577071
public_SRR11456914_metawrap_bin.11.fa,4267892
public_SRR11456914_metawrap_bin.12.fa,5006012
public_SRR11456914_metawrap_bin.13.fa,2995003
public_SRR11456914_metawrap_bin.14.fa,5828990
public_SRR11456914_metawrap_bin.15.fa,5067086
public_SRR11456914_metawrap_bin.16.fa,3542524
public_SRR11456914_metawrap_bin.17.fa,4373183
public_SRR11456914_metawrap_bin.18.fa,6599299
public_SRR11456914_metawrap_bin.19.fa,3797731
public_SRR11456914_metawrap_bin.1.fa,3019888
public_SRR11456914_metawrap_bin.20.fa,5351169
public_SRR11456914_metawrap_bin.21.fa,4304510
public_SRR11456914_metawrap_bin.22.fa,4221727
public_SRR11456914_metawrap_bin.23.fa,2670987
public_SRR11456914_metawrap_bin.24.fa,4453400
public_SRR11456914_metawrap_bin.2.fa,4686693
public_SRR11456914_metawrap_bin.3.fa,5499777
public_SRR11456914_metawrap_bin.4.fa,3533321
public_SRR11456914_metawrap_bin.5.fa,4204513
public_SRR11456914_metawrap_bin.7.fa,4004525
public_SRR11456914_metawrap_bin.8.fa,4281283
public_SRR11456914_metawrap_bin.9.fa,3218285
public_SRR11456915_metawrap_bin.10.fa,4012591
public_SRR11456915_metawrap_bin.1.fa,3042184
public_SRR11456915_metawrap_bin.3.fa,8733206
public_SRR11456915_metawrap_bin.4.fa,3032277
public_SRR11456915_metawrap_bin.5.fa,2803628
public_SRR11456915_metawrap_bin.6.fa,3215214
public_SRR11456915_metawrap_bin.8.fa,4601963
public_SRR11456915_metawrap_bin.9.fa,4154047
public_SRR11456917_metawrap_bin.1.fa,4041276
public_SRR11456917_metawrap_bin.2.fa,2409621
public_SRR11456918_metawrap_bin.1.fa,6011162
public_SRR11456918_metawrap_bin.2.fa,3632934
public_SRR11456918_metawrap_bin.3.fa,7637561
public_SRR11456918_metawrap_bin.4.fa,2492531
public_SRR11456918_metawrap_bin.5.fa,3052962
public_SRR11456918_metawrap_bin.7.fa,3085741
public_SRR11456918_metawrap_bin.8.fa,4352006
public_SRR11456919_metawrap_bin.10.fa,2718594
public_SRR11456919_metawrap_bin.11.fa,4305696
public_SRR11456919_metawrap_bin.12.fa,2692002
public_SRR11456919_metawrap_bin.13.fa,5694266
public_SRR11456919_metawrap_bin.14.fa,3227154
public_SRR11456919_metawrap_bin.15.fa,2214623
public_SRR11456919_metawrap_bin.1.fa,2822033
public_SRR11456919_metawrap_bin.2.fa,5000176
public_SRR11456919_metawrap_bin.3.fa,3876638
public_SRR11456919_metawrap_bin.4.fa,3888541
public_SRR11456919_metawrap_bin.5.fa,7668730
public_SRR11456919_metawrap_bin.6.fa,3608571
public_SRR11456919_metawrap_bin.7.fa,2011403
public_SRR11456921_metawrap_bin.10.fa,4789540
public_SRR11456921_metawrap_bin.11.fa,5362047
public_SRR11456921_metawrap_bin.12.fa,6629438
public_SRR11456921_metawrap_bin.13.fa,2759869
public_SRR11456921_metawrap_bin.14.fa,6825203
public_SRR11456921_metawrap_bin.15.fa,4348868
public_SRR11456921_metawrap_bin.16.fa,3240044
public_SRR11456921_metawrap_bin.17.fa,5474166
public_SRR11456921_metawrap_bin.18.fa,3889296
public_SRR11456921_metawrap_bin.19.fa,4460902
public_SRR11456921_metawrap_bin.1.fa,2318548
public_SRR11456921_metawrap_bin.20.fa,3314321
public_SRR11456921_metawrap_bin.21.fa,4191314
public_SRR11456921_metawrap_bin.23.fa,3520896
public_SRR11456921_metawrap_bin.24.fa,2878028
public_SRR11456921_metawrap_bin.25.fa,2568384
public_SRR11456921_metawrap_bin.2.fa,3187911
public_SRR11456921_metawrap_bin.3.fa,8236644
public_SRR11456921_metawrap_bin.4.fa,3878253
public_SRR11456921_metawrap_bin.5.fa,6147036
public_SRR11456921_metawrap_bin.6.fa,3075687
public_SRR11456921_metawrap_bin.7.fa,6428399
public_SRR11456921_metawrap_bin.8.fa,5316724
public_SRR11456921_metawrap_bin.9.fa,3660534
public_SRR11456922_metawrap_bin.1.fa,4800591
public_SRR11456922_metawrap_bin.2.fa,3459045
public_SRR11456922_metawrap_bin.3.fa,3366298
public_SRR11456922_metawrap_bin.4.fa,3849515
public_SRR11456922_metawrap_bin.5.fa,3436633
public_SRR11456922_metawrap_bin.6.fa,3538234
public_SRR11456922_metawrap_bin.7.fa,3400665
public_SRR11456922_metawrap_bin.8.fa,3059827
public_SRR11456923_metawrap_bin.1.fa,2301102
public_SRR11456923_metawrap_bin.2.fa,5091702
public_SRR11456923_metawrap_bin.3.fa,2562352
public_SRR11456923_metawrap_bin.5.fa,5124934
public_SRR11456923_metawrap_bin.6.fa,2462318
public_SRR11456923_metawrap_bin.7.fa,7859985
public_SRR12240174_metawrap_bin.1.fa,3167584
public_SRR12240174_metawrap_bin.2.fa,5125473
public_SRR12240174_metawrap_bin.3.fa,3139418
public_SRR12240177_metawrap_bin.1.fa,2642145
public_SRR12240179_metawrap_bin.1.fa,3859098
public_SRR12240179_metawrap_bin.2.fa,4622923
public_SRR12240179_metawrap_bin.3.fa,3549671
public_SRR12240180_metawrap_bin.1.fa,3877513
public_SRR12240181_metawrap_bin.1.fa,2580695
public_SRR12240181_metawrap_bin.3.fa,3406090
public_SRR12240182_metawrap_bin.1.fa,6209615
public_SRR12240182_metawrap_bin.2.fa,3111945
public_SRR12240182_metawrap_bin.4.fa,3363377
public_SRR12240183_metawrap_bin.1.fa,3280544
public_SRR12240183_metawrap_bin.3.fa,5689450
public_SRR12240184_metawrap_bin.1.fa,3549499
public_SRR12240184_metawrap_bin.2.fa,3414239
public_SRR12240184_metawrap_bin.3.fa,2936192
public_SRR12240184_metawrap_bin.4.fa,1439739
public_SRR12240184_metawrap_bin.5.fa,2729563
public_SRR12240188_metawrap_bin.2.fa,2731190
public_SRR13125477_metawrap_bin.1.fa,2959294
public_SRR13125477_metawrap_bin.2.fa,2817113
public_SRR13125477_metawrap_bin.3.fa,3808200
public_SRR13125477_metawrap_bin.4.fa,3410505
public_SRR13125477_metawrap_bin.5.fa,4520306
public_SRR13126796_metawrap_bin.1.fa,3758706
public_SRR13126859_metawrap_bin.1.fa,3953990
public_SRR13126859_metawrap_bin.2.fa,5061531
public_SRR13685165_metawrap_bin.1.fa,4513375
public_SRR14721929_metawrap_bin.1.fa,4537829
public_SRR14721929_metawrap_bin.2.fa,3696623
public_SRR14721930_metawrap_bin.1.fa,5076208
public_SRR14721937_metawrap_bin.1.fa,4437831
public_SRR14721938_metawrap_bin.1.fa,5726536
public_SRR14721939_metawrap_bin.1.fa,3804844
public_SRR14721941_metawrap_bin.1.fa,2767322
public_SRR14721941_metawrap_bin.2.fa,3280958
public_SRR14721944_metawrap_bin.1.fa,238023
public_SRR14721944_metawrap_bin.2.fa,2743065
public_SRR14721952_metawrap_bin.1.fa,3098390
public_SRR14721954_metawrap_bin.1.fa,2104556
public_SRR14721954_metawrap_bin.2.fa,1892872
public_SRR14721954_metawrap_bin.3.fa,5473292
public_SRR14721954_metawrap_bin.4.fa,7566484
public_SRR14721955_metawrap_bin.2.fa,4761463
public_SRR14721956_metawrap_bin.1.fa,4248881
public_SRR14721957_metawrap_bin.1.fa,3935798
public_SRR14721957_metawrap_bin.2.fa,4991469
public_SRR14721957_metawrap_bin.3.fa,5101947
public_SRR14721957_metawrap_bin.4.fa,9085614
public_SRR14721960_metawrap_bin.1.fa,6554862
public_SRR14721960_metawrap_bin.2.fa,3219042
public_SRR14721962_metawrap_bin.1.fa,2235552
public_SRR14721962_metawrap_bin.2.fa,3166852
public_SRR14721964_metawrap_bin.1.fa,3836498
public_SRR14721964_metawrap_bin.2.fa,2819372
public_SRR14721966_metawrap_bin.1.fa,3464940
public_SRR14721966_metawrap_bin.2.fa,2824418
public_SRR14721966_metawrap_bin.3.fa,3167985
public_SRR14721966_metawrap_bin.4.fa,2723484
public_SRR14721980_metawrap_bin.1.fa,2863536
public_SRR14721980_metawrap_bin.2.fa,6256032
public_SRR14721985_metawrap_bin.1.fa,4033697
public_SRR14721985_metawrap_bin.2.fa,3688266
public_SRR14721986_metawrap_bin.1.fa,2954040
public_SRR14721987_metawrap_bin.1.fa,5221228
public_SRR14721996_metawrap_bin.1.fa,3972088
public_SRR14721998_metawrap_bin.1.fa,2449156
public_SRR14721999_metawrap_bin.1.fa,3446454
public_SRR14722007_metawrap_bin.1.fa,2351535
public_SRR14722007_metawrap_bin.4.fa,2574793
public_SRR14722022_metawrap_bin.1.fa,3186652
public_SRR14722039_metawrap_bin.1.fa,3377777
public_SRR14722041_metawrap_bin.1.fa,2933783
public_SRR14722041_metawrap_bin.2.fa,3164712
public_SRR14722041_metawrap_bin.3.fa,3590102
public_SRR14722042_metawrap_bin.1.fa,3751316
public_SRR14722042_metawrap_bin.3.fa,3178674
public_SRR14722046_metawrap_bin.1.fa,2743310
public_SRR14722046_metawrap_bin.2.fa,2520481
public_SRR14722048_metawrap_bin.1.fa,3255296
public_SRR14722049_metawrap_bin.1.fa,3130033
public_SRR14722049_metawrap_bin.2.fa,3857996
public_SRR14722049_metawrap_bin.3.fa,3305764
public_SRR14722049_metawrap_bin.4.fa,4234662
public_SRR14722050_metawrap_bin.1.fa,3928368
public_SRR14722050_metawrap_bin.2.fa,4172965
public_SRR14722050_metawrap_bin.3.fa,4289433
public_SRR14722051_metawrap_bin.1.fa,2568578
public_SRR14722051_metawrap_bin.2.fa,3005090
public_SRR14722054_metawrap_bin.1.fa,4833812
public_SRR14722058_metawrap_bin.1.fa,2955802
public_SRR14722058_metawrap_bin.2.fa,3164009
public_SRR14722061_metawrap_bin.1.fa,8618213
public_SRR14722062_metawrap_bin.1.fa,2120252
public_SRR14722066_metawrap_bin.1.fa,1976906
public_SRR14722067_metawrap_bin.1.fa,3370518
public_SRR14722071_metawrap_bin.1.fa,3726750
public_SRR14722071_metawrap_bin.2.fa,2628225
public_SRR14722071_metawrap_bin.3.fa,5383351
public_SRR14722071_metawrap_bin.4.fa,4303522
public_SRR14722071_metawrap_bin.5.fa,3706606
public_SRR14722078_metawrap_bin.1.fa,6575357
public_SRR14722078_metawrap_bin.2.fa,4282270
public_SRR14722078_metawrap_bin.4.fa,5795825
public_SRR14722078_metawrap_bin.6.fa,3687719
public_SRR14722081_metawrap_bin.1.fa,4016466
public_SRR14722081_metawrap_bin.2.fa,2978694
public_SRR14722082_metawrap_bin.1.fa,3228739
public_SRR14722082_metawrap_bin.2.fa,2908023
public_SRR14722083_metawrap_bin.1.fa,2611310
public_SRR14722086_metawrap_bin.10.fa,2664005
public_SRR14722086_metawrap_bin.11.fa,5434115
public_SRR14722086_metawrap_bin.1.fa,4416334
public_SRR14722086_metawrap_bin.2.fa,4409664
public_SRR14722086_metawrap_bin.3.fa,4864883
public_SRR14722086_metawrap_bin.4.fa,6826803
public_SRR14722086_metawrap_bin.5.fa,5995761
public_SRR14722086_metawrap_bin.6.fa,6028302
public_SRR14722086_metawrap_bin.7.fa,8524580
public_SRR14722086_metawrap_bin.8.fa,4642057
public_SRR14722087_metawrap_bin.1.fa,5292300
public_SRR14722087_metawrap_bin.3.fa,2940189
public_SRR14722087_metawrap_bin.4.fa,3647526
public_SRR14722088_metawrap_bin.1.fa,2785661
public_SRR14722088_metawrap_bin.3.fa,2193406
public_SRR14722088_metawrap_bin.4.fa,3373116
public_SRR14722088_metawrap_bin.5.fa,3703480
public_SRR14722088_metawrap_bin.6.fa,4014955
public_SRR14722090_metawrap_bin.2.fa,6089954
public_SRR14722090_metawrap_bin.3.fa,3328927
public_SRR14722090_metawrap_bin.6.fa,5489151
public_SRR14722094_metawrap_bin.2.fa,2812202
public_SRR14722095_metawrap_bin.1.fa,2768165
public_SRR14722095_metawrap_bin.2.fa,3830114
public_SRR14722095_metawrap_bin.3.fa,2684019
public_SRR14722098_metawrap_bin.3.fa,4984413
public_SRR14722098_metawrap_bin.4.fa,5767967
public_SRR14722101_metawrap_bin.1.fa,3514072
public_SRR14722101_metawrap_bin.2.fa,4669437
public_SRR14722101_metawrap_bin.3.fa,2684928
public_SRR14722101_metawrap_bin.4.fa,2149068
public_SRR14722106_metawrap_bin.1.fa,2688115
public_SRR14722106_metawrap_bin.2.fa,2987098
public_SRR14722108_metawrap_bin.1.fa,4118588
public_SRR14722112_metawrap_bin.1.fa,2751154
public_SRR14722112_metawrap_bin.3.fa,5274864
public_SRR14722113_metawrap_bin.1.fa,2598062
public_SRR14722113_metawrap_bin.3.fa,4712769
public_SRR14722116_metawrap_bin.1.fa,3608502
public_SRR14722116_metawrap_bin.2.fa,3416681
public_SRR14722117_metawrap_bin.2.fa,5318643
public_SRR14722118_metawrap_bin.1.fa,3786276
public_SRR14722121_metawrap_bin.1.fa,2163070
public_SRR14722123_metawrap_bin.1.fa,3672174
public_SRR14722123_metawrap_bin.2.fa,2213993
public_SRR14722123_metawrap_bin.3.fa,3142810
public_SRR14722123_metawrap_bin.4.fa,2713278
public_SRR14722123_metawrap_bin.5.fa,2293700
public_SRR14722124_metawrap_bin.1.fa,2974507
public_SRR14722125_metawrap_bin.1.fa,4536908
public_SRR14722125_metawrap_bin.3.fa,3660656
public_SRR14722128_metawrap_bin.1.fa,2905364
public_SRR14722129_metawrap_bin.1.fa,2821068
public_SRR14722129_metawrap_bin.2.fa,3049668
public_SRR14722129_metawrap_bin.3.fa,4066310
public_SRR14722130_metawrap_bin.1.fa,3721515
public_SRR14722130_metawrap_bin.2.fa,5632149
public_SRR14722132_metawrap_bin.1.fa,2868880
public_SRR14722132_metawrap_bin.2.fa,4413311
public_SRR14722133_metawrap_bin.1.fa,5120205
public_SRR14722133_metawrap_bin.2.fa,4362757
public_SRR14722135_metawrap_bin.1.fa,3769391
public_SRR14722136_metawrap_bin.1.fa,3903190
public_SRR14722137_metawrap_bin.1.fa,3784927
public_SRR14722137_metawrap_bin.3.fa,4632561
public_SRR14722138_metawrap_bin.1.fa,4657575
public_SRR14722139_metawrap_bin.1.fa,5172279
public_SRR14722143_metawrap_bin.1.fa,3957470
public_SRR14722143_metawrap_bin.2.fa,2656299
public_SRR14722143_metawrap_bin.3.fa,3061974
public_SRR14722143_metawrap_bin.4.fa,2023406
public_SRR14722143_metawrap_bin.5.fa,3680408
public_SRR14722145_metawrap_bin.1.fa,5636286
public_SRR14722145_metawrap_bin.2.fa,8205499
public_SRR14722145_metawrap_bin.5.fa,2645662
public_SRR14722145_metawrap_bin.6.fa,2558475
public_SRR14722145_metawrap_bin.7.fa,4648277
public_SRR14722149_metawrap_bin.10.fa,3696104
public_SRR14722149_metawrap_bin.1.fa,8553378
public_SRR14722149_metawrap_bin.2.fa,620729
public_SRR14722149_metawrap_bin.4.fa,2750517
public_SRR14722149_metawrap_bin.5.fa,2784209
public_SRR14722149_metawrap_bin.6.fa,5826481
public_SRR14722149_metawrap_bin.7.fa,3516021
public_SRR14722149_metawrap_bin.8.fa,2864895
public_SRR14722149_metawrap_bin.9.fa,3063529
public_SRR14722150_metawrap_bin.1.fa,5034826
public_SRR14722150_metawrap_bin.2.fa,3046830
public_SRR14722150_metawrap_bin.3.fa,3260348
public_SRR14722152_metawrap_bin.1.fa,3138958
public_SRR14722152_metawrap_bin.3.fa,2819151
public_SRR14722154_metawrap_bin.1.fa,3663051
public_SRR14722154_metawrap_bin.2.fa,3030643
public_SRR14722154_metawrap_bin.3.fa,3917641
public_SRR14722156_metawrap_bin.1.fa,3607728
public_SRR14722156_metawrap_bin.2.fa,3254686
public_SRR14722156_metawrap_bin.3.fa,3274598
public_SRR14722156_metawrap_bin.4.fa,5207319
public_SRR14722156_metawrap_bin.5.fa,5138702
public_SRR14722156_metawrap_bin.6.fa,3590909
public_SRR14722157_metawrap_bin.1.fa,3716936
public_SRR14722158_metawrap_bin.1.fa,2865180
public_SRR14722160_metawrap_bin.3.fa,4302847
public_SRR14722160_metawrap_bin.4.fa,2415085
public_SRR14722161_metawrap_bin.1.fa,8221173
public_SRR14722161_metawrap_bin.2.fa,3798441
public_SRR14722161_metawrap_bin.3.fa,7077701
public_SRR14722161_metawrap_bin.4.fa,3611815
public_SRR14722162_metawrap_bin.1.fa,3736443
public_SRR14722163_metawrap_bin.2.fa,5242144
public_SRR14722164_metawrap_bin.1.fa,3266590
public_SRR14722165_metawrap_bin.1.fa,4298480
public_SRR14722165_metawrap_bin.2.fa,7259205
public_SRR14722165_metawrap_bin.3.fa,4139775
public_SRR14722165_metawrap_bin.4.fa,2520003
public_SRR14722165_metawrap_bin.5.fa,2495784
public_SRR14722166_metawrap_bin.1.fa,4103170
public_SRR14722166_metawrap_bin.2.fa,3060312
public_SRR14722167_metawrap_bin.1.fa,4825807
public_SRR14722169_metawrap_bin.1.fa,4314301
public_SRR14722169_metawrap_bin.2.fa,3017433
public_SRR14722170_metawrap_bin.1.fa,3698262
public_SRR14722170_metawrap_bin.3.fa,3047177
public_SRR14722170_metawrap_bin.4.fa,3202196
public_SRR14722172_metawrap_bin.1.fa,3432596
public_SRR14722172_metawrap_bin.2.fa,3371435
public_SRR14722173_metawrap_bin.1.fa,3923908
public_SRR14722174_metawrap_bin.1.fa,3553095
public_SRR14722176_metawrap_bin.10.fa,2907999
public_SRR14722176_metawrap_bin.13.fa,4570261
public_SRR14722176_metawrap_bin.1.fa,6808938
public_SRR14722176_metawrap_bin.2.fa,2669101
public_SRR14722176_metawrap_bin.3.fa,3317761
public_SRR14722176_metawrap_bin.4.fa,3501776
public_SRR14722176_metawrap_bin.5.fa,3559965
public_SRR14722176_metawrap_bin.6.fa,4835290
public_SRR14722176_metawrap_bin.9.fa,5446922
public_SRR14722177_metawrap_bin.1.fa,3253454
public_SRR14722185_metawrap_bin.1.fa,2552460
public_SRR14722185_metawrap_bin.2.fa,4963974
public_SRR14722188_metawrap_bin.1.fa,3895846
public_SRR14722188_metawrap_bin.2.fa,4904820
public_SRR14722188_metawrap_bin.4.fa,5144463
public_SRR14722188_metawrap_bin.5.fa,3610653
public_SRR14722213_metawrap_bin.1.fa,4407690
public_SRR14722219_metawrap_bin.1.fa,2729627
public_SRR14722221_metawrap_bin.1.fa,2784723
public_SRR14722221_metawrap_bin.2.fa,3219476
public_SRR14722221_metawrap_bin.3.fa,2960063
public_SRR14722221_metawrap_bin.5.fa,3149760
public_SRR14722222_metawrap_bin.1.fa,3087716
public_SRR14722229_metawrap_bin.1.fa,3569788
public_SRR14722229_metawrap_bin.2.fa,3841435
public_SRR14722229_metawrap_bin.3.fa,3389825
public_SRR14722229_metawrap_bin.6.fa,4259659
public_SRR14722230_metawrap_bin.1.fa,3278937
public_SRR14722230_metawrap_bin.2.fa,9571050
public_SRR14722230_metawrap_bin.3.fa,2710827
public_SRR14722230_metawrap_bin.4.fa,3247070
public_SRR14722230_metawrap_bin.6.fa,2399572
public_SRR14722230_metawrap_bin.7.fa,2839538
public_SRR14722230_metawrap_bin.8.fa,3240389
public_SRR14722230_metawrap_bin.9.fa,5113930
public_SRR14722231_metawrap_bin.1.fa,3717137
public_SRR14722231_metawrap_bin.4.fa,2487983
public_SRR14722233_metawrap_bin.1.fa,1684253
public_SRR14722233_metawrap_bin.2.fa,4483346
public_SRR14722251_metawrap_bin.1.fa,3314666
public_SRR14722272_metawrap_bin.1.fa,2055267
public_SRR14722274_metawrap_bin.2.fa,3983605
public_SRR14722275_metawrap_bin.1.fa,4202288
public_SRR14722275_metawrap_bin.2.fa,3106746
public_SRR14722276_metawrap_bin.1.fa,6648853
public_SRR14722276_metawrap_bin.2.fa,6182340
public_SRR14722277_metawrap_bin.1.fa,4378977
public_SRR14722278_metawrap_bin.1.fa,3785401
public_SRR14722278_metawrap_bin.2.fa,5042767
public_SRR14722280_metawrap_bin.1.fa,224622
public_SRR14722282_metawrap_bin.1.fa,7462238
public_SRR14722285_metawrap_bin.1.fa,7599834
public_SRR14722287_metawrap_bin.1.fa,5386515
public_SRR14722288_metawrap_bin.1.fa,3652934
public_SRR14722293_metawrap_bin.1.fa,2809221
public_SRR14722298_metawrap_bin.1.fa,3901509
public_SRR14722299_metawrap_bin.1.fa,3140485
public_SRR14722299_metawrap_bin.2.fa,3614925
public_SRR14722299_metawrap_bin.3.fa,2996672
public_SRR14722301_metawrap_bin.2.fa,3459433
public_SRR14722301_metawrap_bin.5.fa,2189998
public_SRR14722304_metawrap_bin.2.fa,5605541
public_SRR14722305_metawrap_bin.1.fa,3586484
public_SRR14722307_metawrap_bin.1.fa,8974857
public_SRR14722308_metawrap_bin.1.fa,3591709
public_SRR14722309_metawrap_bin.1.fa,3749704
public_SRR14722309_metawrap_bin.2.fa,3652684
public_SRR14722314_metawrap_bin.1.fa,2956205
public_SRR14722320_metawrap_bin.2.fa,4398835
public_SRR14722320_metawrap_bin.3.fa,4427252
public_SRR14722320_metawrap_bin.4.fa,4250362
public_SRR14722325_metawrap_bin.1.fa,2969283
public_SRR14722327_metawrap_bin.1.fa,3865449
public_SRR1531545_metawrap_bin.1.fa,8786194
public_SRR1531545_metawrap_bin.3.fa,3434186
public_SRR1531545_metawrap_bin.4.fa,2427663
public_SRR1531545_metawrap_bin.5.fa,3244140
public_SRR1531569_metawrap_bin.1.fa,4771790
public_SRR1531569_metawrap_bin.2.fa,9918036
public_SRR1531569_metawrap_bin.3.fa,3759858
public_SRR1531569_metawrap_bin.4.fa,4283775
public_SRR1531569_metawrap_bin.5.fa,5381765
public_SRR1531569_metawrap_bin.6.fa,5580988
public_SRR1531569_metawrap_bin.7.fa,5249658
public_SRR1532736_metawrap_bin.1.fa,3524351
public_SRR2387885_metawrap_bin.1.fa,5232624
public_SRR2387885_metawrap_bin.2.fa,4072649
public_SRR2387885_metawrap_bin.3.fa,2835096
public_SRR2387885_metawrap_bin.4.fa,2688696
public_SRR2387885_metawrap_bin.6.fa,3853867
public_SRR2387885_metawrap_bin.7.fa,3497868
public_SRR5808930_metawrap_bin.1.fa,3678282
public_SRR5808930_metawrap_bin.3.fa,3347604
public_SRR7232211_metawrap_bin.1.fa,4162555
private_GTX0158_concoct_bin.31.fa,23838662
private_GTX0161_concoct_bin.0.fa,57477754
private_GTX0161_concoct_merged.0.fa,57027747
private_GTX0163_concoct_bin.14.fa,32085414
private_GTX0163_concoct_bin.46.fa,58699984
private_T1867_concoct_bin.8.fa,24754787
private_T1868_concoct_bin.12.fa,23887801
private_T1881_metabat2_bin.5.fa,22810638
private_T1882_concoct_bin.24.fa,23645587
private_T1882_metabat2_merged.0.fa,62479348
private_T1887_metabat2_bin.36.fa,24064483
private_T1888_metabat2_bin.51.fa,25635390
private_T1888_metabat2_bin.52.fa,29924716
private_T1889_concoct_bin.13.fa,24831450
private_T1889_concoct_bin.16.fa,40608534
private_T1894_concoct_bin.66.fa,44449598
private_T1894_metabat2_bin.4.fa,22054922
private_T1904_concoct_bin.11.fa,26722152
private_T1904_concoct_bin.38.fa,60571648
private_T1904_metabat2_bin.21.fa,26273779
private_T1912_concoct_bin.0.fa,55932432
private_T1912_concoct_bin.14.fa,30118458
private_T1914_concoct_bin.19.fa,27996602
private_T1914_metabat2_bin.5.fa,38065376
private_T1916_concoct_bin.29.fa,34960352
private_TS1974_concoct_bin.10.fa,33623393
private_TS1974_concoct_bin.29.fa,57915726
private_VT12_concoct_bin.10.fa,35490453
private_VT15_metabat2_bin.1.fa,38001697
private_VT16_concoct_bin.11.fa,35374370
private_VT19_concoct_bin.7.fa,40208408
private_VT22_concoct_bin.7.fa,28225289
private_VT2_concoct_bin.17.fa,38832912
private_VT31_metabat2_bin.4.fa,35051463
private_VT33_concoct_bin.0.fa,36233533
private_VT34_metabat2_bin.11.fa,23060245
private_VT38_concoct_bin.3.fa,25667219
private_X10_concoct_bin.0.fa,31690061
private_X10_concoct_bin.7.fa,61204277
private_X11_concoct_bin.15.fa,59630297
private_X11_metabat2_bin.10.fa,24878815
private_X12_concoct_bin.4.fa,31580949
private_X13_concoct_bin.5.fa,23711382
private_X14_concoct_bin.2.fa,35839814
private_X15_concoct_bin.2.fa,21148796
private_X16_concoct_bin.2.fa,24447381
private_X1_concoct_bin.0.fa,16642605
private_X1_concoct_bin.13.fa,34883038
private_X1_metabat2_bin.11.fa,59375272
private_X2_concoct_bin.0.fa,36596510
private_X2_concoct_bin.1.fa,67285532
private_X3_concoct_bin.10.fa,32638814
private_X4_concoct_bin.17.fa,26109501
private_X5_concoct_bin.21.fa,25436447
private_X8_concoct_bin.23.fa,26420366
private_X8_metabat2_bin.7.fa,15245811
private_X9_concoct_bin.20.fa,33069491
public_ERR4179390_concoct_bin.45.fa,51114057
public_ERR4179390_concoct_bin.75.fa,39633693
public_ERR4179390_metabat2_bin.28.fa,46620885
public_ERR4179390_metabat2_bin.6.fa,18482457
public_SRR11456914_concoct_merged.0.fa,72131769
public_SRR11456915_concoct_bin.5.fa,47368747
public_SRR11456915_metabat2_merged.0.fa,88820417
public_SRR11456917_metabat2_merged.0.fa,82784608
public_SRR11456918_metabat2_merged.0.fa,73926494
public_SRR11456919_concoct_bin.22.fa,48121382
public_SRR11456919_metabat2_bin.15.fa,93724474
public_SRR11456921_metabat2_merged.0.fa,98573368
public_SRR11456923_metabat2_merged.0.fa,130535317
public_SRR12240178_metabat2_bin.6.fa,29901407
public_SRR12240181_metabat2_bin.5.fa,33269822
public_SRR12240182_metabat2_bin.7.fa,31599184
public_SRR12240183_metabat2_bin.10.fa,34488242
public_SRR12240184_concoct_bin.17.fa,26941752
public_SRR12240185_concoct_bin.1.fa,34534459
public_SRR13125477_concoct_bin.14.fa,30483605
public_SRR13125477_metabat2_bin.13.fa,60258601
public_SRR13125762_concoct_bin.37.fa,28326182
public_SRR13126828_metabat2_bin.1.fa,30836724
public_SRR13126859_metabat2_bin.7.fa,29552732
public_SRR13685140_metabat2_bin.1.fa,22898054
public_SRR13685158_concoct_merged.0.fa,30235036
public_SRR13685159_concoct_merged.0.fa,45368639
public_SRR13685162_metabat2_bin.2.fa,30437628
public_SRR13685164_concoct_bin.7.fa,29939518
public_SRR13685165_metabat2_bin.3.fa,31243966
public_SRR14721922_metabat2_bin.4.fa,30284861
public_SRR14721923_metabat2_bin.2.fa,29526551
public_SRR14721926_metabat2_bin.3.fa,32290860
public_SRR14721927_metabat2_bin.2.fa,33215599
public_SRR14721929_concoct_bin.20.fa,12174069
public_SRR14721929_metabat2_bin.13.fa,32096707
public_SRR14721932_concoct_bin.34.fa,28320957
public_SRR14721933_metabat2_bin.1.fa,28341076
public_SRR14721935_metabat2_bin.5.fa,30687529
public_SRR14721936_concoct_merged.0.fa,23152140
public_SRR14721937_metabat2_bin.4.fa,25566584
public_SRR14721939_concoct_merged.0.fa,24980457
public_SRR14721941_concoct_bin.5.fa,26374195
public_SRR14721942_metabat2_bin.2.fa,32030579
public_SRR14721943_metabat2_bin.1.fa,31682591
public_SRR14721944_concoct_merged.0.fa,21879680
public_SRR14721946_metabat2_bin.2.fa,24216471
public_SRR14721947_metabat2_bin.6.fa,31983833
public_SRR14721948_concoct_merged.0.fa,29695316
public_SRR14721949_concoct_bin.4.fa,28100536
public_SRR14721950_metabat2_bin.6.fa,20843906
public_SRR14721952_concoct_merged.0.fa,29208772
public_SRR14721953_concoct_bin.46.fa,16849686
public_SRR14721954_metabat2_bin.3.fa,21050370
public_SRR14721956_metabat2_bin.3.fa,31212012
public_SRR14721957_metabat2_bin.1.fa,13010775
public_SRR14721959_metabat2_bin.2.fa,18791956
public_SRR14721960_metabat2_bin.2.fa,24608064
public_SRR14721962_metabat2_bin.6.fa,22076511
public_SRR14721964_metabat2_bin.3.fa,25555617
public_SRR14721965_metabat2_bin.1.fa,29021755
public_SRR14721966_metabat2_bin.6.fa,23364708
public_SRR14721968_concoct_bin.6.fa,20394191
public_SRR14721970_metabat2_bin.1.fa,31270501
public_SRR14721971_concoct_merged.0.fa,22677464
public_SRR14721973_metabat2_bin.2.fa,34874262
public_SRR14721974_metabat2_bin.1.fa,25397939
public_SRR14721977_metabat2_bin.1.fa,17433853
public_SRR14721978_concoct_merged.0.fa,25185608
public_SRR14721979_metabat2_bin.1.fa,34557146
public_SRR14721980_metabat2_bin.4.fa,24074817
public_SRR14721982_metabat2_bin.3.fa,23745995
public_SRR14721983_metabat2_bin.1.fa,25048733
public_SRR14721984_concoct_merged.0.fa,34017098
public_SRR14721986_metabat2_bin.4.fa,28415343
public_SRR14721987_metabat2_bin.1.fa,26140875
public_SRR14721990_metabat2_bin.6.fa,28467715
public_SRR14721991_concoct_merged.0.fa,31028479
public_SRR14721995_metabat2_bin.4.fa,31516815
public_SRR14721996_metabat2_bin.8.fa,34948523
public_SRR14721999_concoct_bin.2.fa,23263670
public_SRR14722000_concoct_merged.0.fa,30991706
public_SRR14722002_metabat2_bin.2.fa,29099014
public_SRR14722003_metabat2_bin.1.fa,24008401
public_SRR14722004_metabat2_bin.1.fa,33271660
public_SRR14722005_metabat2_bin.1.fa,29113940
public_SRR14722006_metabat2_bin.2.fa,33363126
public_SRR14722010_metabat2_bin.2.fa,31075743
public_SRR14722012_metabat2_bin.2.fa,29791372
public_SRR14722013_metabat2_bin.2.fa,26174165
public_SRR14722017_metabat2_bin.2.fa,30760831
public_SRR14722018_metabat2_bin.2.fa,17385180
public_SRR14722019_concoct_merged.0.fa,32096469
public_SRR14722021_metabat2_bin.1.fa,30718572
public_SRR14722022_concoct_bin.14.fa,31204119
public_SRR14722023_metabat2_bin.5.fa,33216096
public_SRR14722024_concoct_bin.3.fa,24585898
public_SRR14722026_metabat2_bin.4.fa,34279999
public_SRR14722028_metabat2_bin.1.fa,30646640
public_SRR14722031_metabat2_bin.3.fa,24548484
public_SRR14722032_metabat2_bin.2.fa,31179552
public_SRR14722034_metabat2_bin.1.fa,32646117
public_SRR14722036_metabat2_bin.1.fa,32350195
public_SRR14722037_metabat2_bin.2.fa,29315195
public_SRR14722038_metabat2_bin.1.fa,33397459
public_SRR14722039_metabat2_bin.7.fa,23178609
public_SRR14722041_metabat2_bin.10.fa,26702899
public_SRR14722042_metabat2_bin.4.fa,23631243
public_SRR14722042_metabat2_bin.6.fa,23754413
public_SRR14722043_metabat2_bin.3.fa,22757456
public_SRR14722046_concoct_bin.7.fa,27286209
public_SRR14722047_metabat2_bin.3.fa,28440486
public_SRR14722049_concoct_bin.8.fa,28605651
public_SRR14722050_metabat2_bin.2.fa,22900309
public_SRR14722051_metabat2_bin.4.fa,25666973
public_SRR14722054_metabat2_bin.5.fa,29545193
public_SRR14722058_metabat2_bin.4.fa,21476704
public_SRR14722061_metabat2_bin.1.fa,28894720
public_SRR14722062_metabat2_bin.2.fa,27199670
public_SRR14722063_concoct_bin.10.fa,31589493
public_SRR14722064_metabat2_bin.6.fa,28137239
public_SRR14722065_metabat2_bin.6.fa,24531407
public_SRR14722066_metabat2_bin.7.fa,23681804
public_SRR14722067_metabat2_bin.8.fa,33073044
public_SRR14722072_concoct_merged.0.fa,23918369
public_SRR14722078_concoct_bin.17.fa,29286468
public_SRR14722080_concoct_merged.0.fa,18398308
public_SRR14722080_metabat2_bin.1.fa,24278505
public_SRR14722083_concoct_bin.1.fa,24386104
public_SRR14722084_metabat2_bin.3.fa,30286100
public_SRR14722085_metabat2_bin.6.fa,27482044
public_SRR14722086_metabat2_bin.14.fa,20387402
public_SRR14722088_concoct_bin.14.fa,29419212
public_SRR14722090_metabat2_bin.14.fa,20639300
public_SRR14722092_concoct_merged.0.fa,22014185
public_SRR14722094_metabat2_bin.10.fa,30521473
public_SRR14722095_metabat2_bin.7.fa,20302860
public_SRR14722098_metabat2_bin.9.fa,18354405
public_SRR14722099_metabat2_bin.1.fa,27164441
public_SRR14722101_metabat2_bin.2.fa,26448327
public_SRR14722103_metabat2_bin.2.fa,30103970
public_SRR14722106_metabat2_bin.2.fa,34593352
public_SRR14722109_metabat2_bin.1.fa,31879348
public_SRR14722112_metabat2_bin.8.fa,30295613
public_SRR14722113_metabat2_bin.5.fa,28726273
public_SRR14722115_concoct_bin.3.fa,32421814
public_SRR14722116_metabat2_bin.14.fa,33224986
public_SRR14722116_metabat2_bin.5.fa,48859335
public_SRR14722117_metabat2_bin.4.fa,28185128
public_SRR14722118_metabat2_bin.5.fa,30836631
public_SRR14722119_metabat2_bin.2.fa,26086763
public_SRR14722120_metabat2_bin.1.fa,33370561
public_SRR14722120_metabat2_bin.4.fa,41796735
public_SRR14722121_metabat2_bin.4.fa,24586490
public_SRR14722123_concoct_merged.0.fa,20570369
public_SRR14722124_metabat2_bin.8.fa,32856029
public_SRR14722125_metabat2_bin.9.fa,18294553
public_SRR14722128_metabat2_bin.9.fa,30069223
public_SRR14722129_metabat2_bin.3.fa,31560669
public_SRR14722130_metabat2_bin.11.fa,20107954
public_SRR14722130_metabat2_bin.9.fa,32160092
public_SRR14722132_metabat2_bin.8.fa,30311807
public_SRR14722133_metabat2_bin.2.fa,29167719
public_SRR14722135_concoct_merged.1.fa,24805116
public_SRR14722135_metabat2_bin.5.fa,38402819
public_SRR14722135_metabat2_bin.8.fa,20236142
public_SRR14722136_concoct_merged.0.fa,33799500
public_SRR14722139_metabat2_bin.5.fa,32197247
public_SRR14722140_metabat2_bin.5.fa,27939376
public_SRR14722141_concoct_bin.2.fa,31686946
public_SRR14722143_metabat2_bin.4.fa,21986266
public_SRR14722144_metabat2_bin.3.fa,29976469
public_SRR14722145_metabat2_bin.10.fa,22421455
public_SRR14722147_concoct_bin.2.fa,26714181
public_SRR14722147_metabat2_bin.1.fa,15387725
public_SRR14722150_concoct_bin.35.fa,28948497
public_SRR14722151_metabat2_bin.3.fa,30252234
public_SRR14722152_metabat2_bin.2.fa,28683311
public_SRR14722154_concoct_bin.10.fa,15975792
public_SRR14722154_metabat2_bin.3.fa,26584174
public_SRR14722157_metabat2_bin.4.fa,27451878
public_SRR14722158_metabat2_bin.9.fa,27538851
public_SRR14722159_metabat2_bin.7.fa,21252951
public_SRR14722160_concoct_bin.3.fa,28693197
public_SRR14722161_metabat2_bin.6.fa,27204928
public_SRR14722163_concoct_bin.11.fa,26201316
public_SRR14722164_metabat2_bin.2.fa,24197754
public_SRR14722165_concoct_bin.24.fa,23394055
public_SRR14722165_concoct_bin.25.fa,28485352
public_SRR14722165_metabat2_bin.16.fa,16287341
public_SRR14722166_concoct_bin.2.fa,32383939
public_SRR14722167_metabat2_bin.4.fa,28251889
public_SRR14722168_metabat2_bin.6.fa,32739534
public_SRR14722169_metabat2_bin.6.fa,30569428
public_SRR14722173_concoct_merged.0.fa,33504405
public_SRR14722174_metabat2_bin.2.fa,31984326
public_SRR14722176_concoct_bin.30.fa,19199543
public_SRR14722176_metabat2_bin.14.fa,23205678
public_SRR14722177_concoct_bin.11.fa,24200494
public_SRR14722177_concoct_merged.0.fa,27302582
public_SRR14722177_metabat2_bin.9.fa,36559424
public_SRR14722181_concoct_bin.15.fa,24594840
public_SRR14722181_concoct_bin.9.fa,23253195
public_SRR14722184_concoct_bin.5.fa,30897180
public_SRR14722185_metabat2_bin.2.fa,26056273
public_SRR14722188_concoct_bin.30.fa,45054228
public_SRR14722188_metabat2_bin.25.fa,24893827
public_SRR14722188_metabat2_bin.28.fa,9566273
public_SRR14722197_metabat2_bin.3.fa,24423375
public_SRR14722202_metabat2_bin.2.fa,24837606
public_SRR14722208_metabat2_bin.1.fa,31111827
public_SRR14722210_metabat2_bin.3.fa,25182958
public_SRR14722213_concoct_bin.9.fa,19589290
public_SRR14722213_metabat2_bin.1.fa,24186479
public_SRR14722219_metabat2_bin.6.fa,28305125
public_SRR14722222_metabat2_bin.6.fa,29161940
public_SRR14722229_concoct_bin.24.fa,25156133
public_SRR14722230_metabat2_bin.7.fa,20537062
public_SRR14722231_metabat2_bin.5.fa,25103968
public_SRR14722232_concoct_bin.14.fa,23206127
public_SRR14722233_metabat2_bin.15.fa,24194649
public_SRR14722251_metabat2_bin.1.fa,23335315
public_SRR14722272_metabat2_bin.6.fa,29305370
public_SRR14722274_metabat2_bin.2.fa,22070204
public_SRR14722278_concoct_bin.6.fa,28696751
public_SRR14722279_metabat2_bin.4.fa,27033343
public_SRR14722280_metabat2_bin.4.fa,28541616
public_SRR14722281_metabat2_bin.1.fa,27227520
public_SRR14722288_metabat2_bin.3.fa,31578379
public_SRR14722289_concoct_bin.0.fa,32608811
public_SRR14722290_metabat2_bin.4.fa,28614552
public_SRR14722292_metabat2_bin.5.fa,29337773
public_SRR14722293_concoct_bin.15.fa,27256336
public_SRR14722294_metabat2_bin.7.fa,29218708
public_SRR14722299_metabat2_bin.9.fa,29905000
public_SRR14722301_metabat2_bin.5.fa,26693721
public_SRR14722302_concoct_merged.0.fa,29999525
public_SRR14722304_metabat2_bin.6.fa,28412263
public_SRR14722305_metabat2_bin.2.fa,30013823
public_SRR14722307_metabat2_bin.5.fa,21218329
public_SRR14722308_metabat2_bin.6.fa,24619376
public_SRR14722309_metabat2_bin.1.fa,28003477
public_SRR14722310_metabat2_bin.3.fa,31840281
public_SRR14722312_concoct_bin.10.fa,22566314
public_SRR14722313_metabat2_bin.4.fa,28706674
public_SRR14722316_metabat2_bin.4.fa,29735595
public_SRR14722318_metabat2_bin.2.fa,22746770
public_SRR14722319_metabat2_bin.1.fa,28393906
public_SRR14722323_concoct_merged.0.fa,29408163
public_SRR14722325_metabat2_bin.1.fa,30316057
public_SRR14722327_concoct_bin.11.fa,20183082
public_SRR14722330_concoct_merged.0.fa,34269597
public_SRR1531517_concoct_bin.16.fa,33745127
public_SRR1531545_concoct_bin.10.fa,29584455
public_SRR1531569_concoct_bin.26.fa,22991615
public_SRR1532736_concoct_bin.13.fa,24935311
public_SRR1532736_concoct_bin.20.fa,35234345
public_SRR2387885_metabat2_bin.15.fa,23971264
public_SRR2387885_metabat2_bin.2.fa,52878094
public_SRR5808930_metabat2_bin.9.fa,36310671
public_SRR5808932_concoct_bin.35.fa,29971438
public_SRR5808932_metabat2_bin.2.fa,53955646
public_SRR7232211_concoct_bin.3.fa,32307886
public_SRR7232211_concoct_bin.8.fa,58668785
public_SRR7232212_concoct_bin.0.fa,55496273
public_SRR7232212_concoct_bin.12.fa,16983982
public_SRR7232213_concoct_bin.0.fa,55330623
public_SRR7232214_concoct_bin.7.fa,18330858
public_SRR7232214_concoct_bin.9.fa,55709528
